school,place_of_worship,restaurant,townhall,fuel,fast_food,bank,atm,police,bus_station,fire_station,cafe,doctors,clinic,parking,monastery,library,hospital,college,public_building,university,theatre,courthouse,bar,cinema,post_office,community_centre,marketplace,pharmacy,childcare,social_facility,Location,Date_Extracted,water_point,bbq,ferry_terminal,car_wash,internet_cafe,recycling,bureau_de_change,studio,health_post,dentist,taxi,toilets,animal_breeding,events_venue,shelter,prison,money_transfer,bench,kindergarten,fountain,waste_transfer_station,Government Agency,nursing_home,rescue_station,post_box,clock,weighbridge,coast_guard,conference_centre,food_court,stage,pub,drinking_water,nightclub,payment_centre,parking_space,telephone,arts_centre,motorcycle_parking,bicycle_repair_station,yes,bicycle_parking,dive_centre,ice_cream,waste_basket,grave_yard,car_rental,veterinary,prep_school,music_school,research_institute,post_depot,hunting_stand,vending_machine,waste_disposal,parking_entrance,gambling,Ice plant,biergarten,electricity,smoking_area,motorcycle_rental,bicycle_rental,waiting shed,crematorium,planetarium,language_school,charging_station,ranger_station,fish_spa,daycare center,basketball court,sports complex,office,Provincial Capitol,Old Hospital,payment_terminal,court,retail,vehicle_inspection,customs,shower,lounger,compressed_air,driving_school,casino,love_hotel,jeepney_station,boat_rental,watering_place,service,social_centre,market,reception_hall,air_filling,lake,barangay hall,guardhouse,fixme,table,training,coworking_space,jeepney_terminal,dancing_school,courier,driver_training,church,events_center,meditation_centre,letter_box,payment_centre;bureau_de_change,hitching_post,canteen,money_lender,give_box,scooter_rental,cafeteria,mortuary,reception_desk,dressing_room,fablab,bus_stop,public_bath,funeral_hall,security,karaoke_box,cable,healthcare,fx_station,museum,tricylce_station,animal_shelter,Sisters' Convent,caltex_station-atlag,Convent,loading_dock,water_tap,grain_dryer,dryer,funeral_directors,barangay Hall,security_booth,preschool,drugstore,first_aid,resort,device_charging_station,mill,warehouse,handwashing,pawnbroker,spa,sports_hall,birthing_centre,private residence,events_place,public_transport,retreat_house,industrial,place_of_mourning,photo_booth,business_center,chapel,lavoir,sanitary_dump_station,boat_storage,dormitory,Karaoke Bar,closed_restaurant,civic,outpost,closed_fuel,homes,health_station,dojo,building,sotore,park,quarantine_facility,wheel_bath,grilled_chicken,satellite_tv,traditional_medicine,baby_hatch,stripclub,wifi,pepsi depot,stables,covered_court,laboratory,public_buildings,basketballcourt,barangay hall_cabulalaan,Basketball Court,lounge,home,animal_boarding,flight_school,barangay_outpost,parcel_locker,Coliseum,appliance,multipurpose_pavement,refugee_site,multi-purpose shed,multi-purpose hall,cockpit,triage,lecture_hall,scrapyard,tricycle_station,jeep_station,pedicab_terminal,grave,auditorium,vacant,concert_hall,jeepney terminal,computer,hut,airsoft_gamesite,shower;toilets,convention_centre,gym,ticket_booth,fishing_port,disused,village_hall,food stall,farm,Gym,payment_center,billards,clinic;police,townhall;childcare;clinic,Commercial building,restaurant;event_location,vegetable_market,bar;pharmacy,binoculars,animal_training,townhal,swimming_pool,retirement_home,plant_nursery,community_centre;bench,events_centre,waterwell,public,social_facility without social_facility,poultry,pedicab_station,Public_Transpotation,cooking_school,social_club,funeral_home,taxi Jeeps,place_of_worship without religion,wheeler,car_pooling,terminal,restaurant;cafe,housing,clinic;laboratory,fuel;toilets,school inside amenity,barangay_hall,bank;pharmacy,jeep_terminal;restaurant,health_outpost,community_hall,Sariâ€”Sari Store,cockfighting house,tricycle,jogging path,house,grocery,rickshaw,shed,utilities,truck_scale,mall,dryer_place,register_office,naka,pavilion,Iglesia ni Cristo,Contractor,district hospital,health_facility,cafe;motorcycle_rental,rescue-station,bakery,evacuation center,beach,restaurant;dive_centre,transport,Transport,car_sharing,village,recreational_ground,cockfighting
322,8,8,8,7,6,5,4,4,3,3,3,3,2,2,1,1,1,1,1,1,1,1,1,1,1,1,1,1,1,1,Abra,01/09/2023,,,,,,,,,,,,,,,,,,,,,,,,,,,,,,,,,,,,,,,,,,,,,,,,,,,,,,,,,,,,,,,,,,,,,,,,,,,,,,,,,,,,,,,,,,,,,,,,,,,,,,,,,,,,,,,,,,,,,,,,,,,,,,,,,,,,,,,,,,,,,,,,,,,,,,,,,,,,,,,,,,,,,,,,,,,,,,,,,,,,,,,,,,,,,,,,,,,,,,,,,,,,,,,,,,,,,,,,,,,,,,,,,,,,,,,,,,,,,,,,,,,,,,,,,,,,,,,,,,,,,,,,,,,,,,,,,,,,,,,,,,,,,,,,,,,,,,,,,,,,,,
395,88,49,46,69,50,50,25,20,7,4,13,10,11,25,,3,16,9,1,4,,3,11,1,7,1,13,36,2,2,Agusan del Norte,01/09/2023,23,9,8,7,6,4,4,4,4,4,3,3,3,2,2,2,2,2,2,2,1,1,1,1,1,1,1,1,1,,,,,,,,,,,,,,,,,,,,,,,,,,,,,,,,,,,,,,,,,,,,,,,,,,,,,,,,,,,,,,,,,,,,,,,,,,,,,,,,,,,,,,,,,,,,,,,,,,,,,,,,,,,,,,,,,,,,,,,,,,,,,,,,,,,,,,,,,,,,,,,,,,,,,,,,,,,,,,,,,,,,,,,,,,,,,,,,,,,,,,,,,,,,,,,,,,,,,,,,,,,,,,,,,,,,,,,,,,,,,,,,,,,,,,,,,,,,,,,,,,,,,,,,,,,,,,,,,,,,,,,,,,,,,,,,,
567,83,32,73,54,41,20,5,12,12,3,4,5,8,6,,1,15,8,,2,3,,4,,4,11,15,19,10,2,Agusan del Sur,01/09/2023,,1,8,6,10,1,1,1,1,1,6,2,,,4,,1,,4,1,,,,,,,,,,3,3,2,2,2,1,1,1,1,1,1,1,,,,,,,,,,,,,,,,,,,,,,,,,,,,,,,,,,,,,,,,,,,,,,,,,,,,,,,,,,,,,,,,,,,,,,,,,,,,,,,,,,,,,,,,,,,,,,,,,,,,,,,,,,,,,,,,,,,,,,,,,,,,,,,,,,,,,,,,,,,,,,,,,,,,,,,,,,,,,,,,,,,,,,,,,,,,,,,,,,,,,,,,,,,,,,,,,,,,,,,,,,,,,,,,,,,,,,,,,,,,,,,,,,,,,,,,,,,,,,,,,,,,,,,,,,,,,,,,,,,,,
428,147,174,30,53,96,35,23,21,9,7,40,6,18,56,2,1,14,19,4,4,2,,19,,10,7,26,24,4,4,Aklan,01/09/2023,1,,9,2,1,7,6,9,2,9,1,16,,,57,,3,8,11,8,,,,,,,,2,,,1,10,1,3,2,2,2,,,,,21,8,8,5,3,3,2,2,1,1,1,1,1,1,1,1,1,1,1,1,1,1,,,,,,,,,,,,,,,,,,,,,,,,,,,,,,,,,,,,,,,,,,,,,,,,,,,,,,,,,,,,,,,,,,,,,,,,,,,,,,,,,,,,,,,,,,,,,,,,,,,,,,,,,,,,,,,,,,,,,,,,,,,,,,,,,,,,,,,,,,,,,,,,,,,,,,,,,,,,,,,,,,,,,,,,,,,,,,,,,,,,,,,,,,,,,,,,,,,,,,,,,,,,,,,,,,,,,,,,,,,,,,,,,,,,,,,,,,,,,,,
750,103,146,44,88,47,62,26,26,13,9,25,10,43,128,,1,28,27,3,9,,2,30,1,16,12,17,49,4,4,Albay,01/09/2023,2,1,3,19,4,1,5,4,3,10,5,4,,2,19,1,3,5,2,3,,,,,,,,2,1,2,1,,1,8,,3,,1,,,,2,1,1,,4,,4,,,,,,1,1,,1,,,,,1,,2,1,1,1,,,,,,,,,,,,,,,,,,,,,,,,,,,,,,,,,,,,,,,,,,,,,,,,,,,,,,,,,,,,,,,,,,,,,,,,,,,,,,,,,,,,,,,,,,,,,,,,,,,,,,,,,,,,,,,,,,,,,,,,,,,,,,,,,,,,,,,,,,,,,,,,,,,,,,,,,,,,,,,,,,,,,,,,,,,,,,,,,,,,,,,,,,,,,,,,,,,,,,,,,,,,,,,,,,,,,,,,,,,,,,,,,,,,,,,,,,,
569,95,37,32,54,24,24,5,11,9,8,7,4,4,19,,1,16,6,9,2,,2,6,1,2,7,17,15,2,4,Antique,01/09/2023,1,,5,1,3,,1,,,2,1,4,,,8,,,4,1,,,,,,,,,2,,,2,2,1,,1,1,1,,,,,3,,,,,,,,,,,,,,,,,,,,,,,,,,2,1,1,,,,,,,,,,,,,,,,,,,,,,,,,,,,,,,,,,,,,,,,,,,,,,,,,,,,,,,,,,,,,,,,,,,,,,,,,,,,,,,,,,,,,,,,,,,,,,,,,,,,,,,,,,,,,,,,,,,,,,,,,,,,,,,,,,,,,,,,,,,,,,,,,,,,,,,,,,,,,,,,,,,,,,,,,,,,,,,,,,,,,,,,,,,,,,,,,,,,,,,,,,,,,,,,,,,,,,,,,,,,,,,,,,,,,,,,
198,7,,4,5,,,,1,,,,1,1,3,1,,5,1,1,,,,,,,,4,,1,1,Apayao,01/09/2023,,,,,,,,,,,,,,,,,,1,1,,,,,,,,,,,,,,,,,,,,,,,,,,,2,,,,,,,,,,,,,,,,,,,,,,,,,,,,,,,,,,,,,,,,,,,,,,,,,,,,,,,,,,,,,,,,,,,,,,,,,,,,,,,,,,,,,,,,,,,,,,,,,,,,,,,,,,,,,,,,,,,,,,,,,,,,,,,,,,,,,,,,,,,,,,,,,,,,,,,,,,,,,,,,,,,,,,,,,,,,,,,,,,,,,,,,,,,,,,,,,,,,,,,,,,,,,,,,,,,,,,,,,,,,,,,,,,,,,,,,,,,,,,,,,,,,,,,,,,,,,,,,
175,32,44,18,25,13,13,3,4,6,2,5,1,1,12,,,5,7,,1,,1,6,,,9,9,6,3,2,Aurora,01/09/2023,,,2,2,1,,1,,,,3,7,,1,13,1,,2,,1,,,,1,,,,,,3,,,1,,,,,,,,,,,,,1,1,,,,,,,1,,,,,,,,,,,,,,2,,,1,1,1,1,1,1,,,,,,,,,,,,,,,,,,,,,,,,,,,,,,,,,,,,,,,,,,,,,,,,,,,,,,,,,,,,,,,,,,,,,,,,,,,,,,,,,,,,,,,,,,,,,,,,,,,,,,,,,,,,,,,,,,,,,,,,,,,,,,,,,,,,,,,,,,,,,,,,,,,,,,,,,,,,,,,,,,,,,,,,,,,,,,,,,,,,,,,,,,,,,,,,,,,,,,,,,,,,,,,,,,,,,,,,,,,,,,,,,,
280,42,4,17,4,5,6,6,10,3,3,,,1,,,1,6,3,,1,1,1,,,2,1,9,3,1,,Basilan,01/09/2023,2,,4,,,,,,,,1,3,,,1,1,1,,1,,,,1,,,,,1,,,,,,,1,,,,1,,,,,,,,,,,,,,,,,,,,,,,,,,,,,,,,,,,,,,2,,,,,,,,,,,,,,,,,,,,,,,,,,,,,,,,,,,,,,,,,,,,,,,,,,,,,,,,,,,,,,,,,,,,,,,,,,,,,,,,,,,,,,,,,,,,,,,,,,,,,,,,,,,,,,,,,,,,,,,,,,,,,,,,,,,,,,,,,,,,,,,,,,,,,,,,,,,,,,,,,,,,,,,,,,,,,,,,,,,,,,,,,,,,,,,,,,,,,,,,,,,,,,,,,,,,,,,,,,,,,,,,,
256,132,68,54,94,57,47,10,19,21,10,19,9,13,87,1,3,20,11,22,7,1,6,13,4,21,10,16,35,2,6,Bataan,01/09/2023,1,,5,3,1,,2,1,4,1,1,24,,2,24,1,2,21,2,9,,,1,1,,,1,1,1,1,1,,,,,,2,,1,,,,,1,2,2,,3,,,,1,,,,,,,,,,,,,,,,,,,,,,,,,,3,2,1,1,,,,,,,,,,,,,,,,,,,,,,,,,,,,,,,,,,,,,,,,,,,,,,,,,,,,,,,,,,,,,,,,,,,,,,,,,,,,,,,,,,,,,,,,,,,,,,,,,,,,,,,,,,,,,,,,,,,,,,,,,,,,,,,,,,,,,,,,,,,,,,,,,,,,,,,,,,,,,,,,,,,,,,,,,,,,,,,,,,,,,,,,,,,,,,,,,,,,,,,,,,,,,,,,,,,,,,,,,,,,,
26,13,16,4,1,10,2,,4,,,4,1,,1,,,2,2,1,,,1,,,1,1,,1,,,Batanes,01/09/2023,,,5,,,,,,,,,1,,,1,,,,,1,,,,,,,,,,,,,,,,,,,,,,,,,1,,,,,,,,,,,,,,,,,,1,,,,,,,,,,,,,,,,,,,,,,,,,,,,,,,,,,,,,,,,,,,,,,,,,,,,,,,,,,,,,,,,,,,,,,,,,,,,,,,,,,,,,,,,,,,,,,,,,,,,,,,,,,,,,,,,,,,,,,,,,,,,,,,,,,,,,,,,,,,,,,,,,,,,,,,,,,,,,,,,,,,,,,,,,,,,,,,,,,,,,,,,,,,,,,,,,,,,,,,,,,,,,,,,,,,,,,,,,,,,,,,,,,,,,,,,,,,,,,,
1196,419,448,325,286,347,283,39,54,38,22,105,63,95,403,3,8,86,41,4,23,4,12,22,6,32,34,48,158,13,11,Batangas,01/09/2023,2,2,33,29,32,7,7,8,1,99,21,58,3,10,31,4,17,11,25,10,,,1,,1,1,3,5,1,15,,5,,3,9,63,3,1,12,1,1,3,8,1,5,1,,13,3,1,,,,1,,10,6,,,,,,,,2,,,,,,,,,,,,1,,,4,,11,5,5,4,3,2,1,1,1,1,1,1,1,1,1,1,1,1,,,,,,,,,,,,,,,,,,,,,,,,,,,,,,,,,,,,,,,,,,,,,,,,,,,,,,,,,,,,,,,,,,,,,,,,,,,,,,,,,,,,,,,,,,,,,,,,,,,,,,,,,,,,,,,,,,,,,,,,,,,,,,,,,,,,,,,,,,,,,,,,,,,,,,,,,,,,,,,,,,,,,,,,,,,,,,,,,,,,,,,,,,,,,,,,,,,,,,,,,,,
548,247,566,153,97,276,97,52,71,20,14,163,29,39,352,,7,25,19,,15,3,6,24,4,16,49,32,134,23,20,Benguet,01/09/2023,6,6,,27,32,3,4,6,17,38,22,85,,3,254,3,13,84,9,13,1,,,1,1,3,,,4,11,1,3,1,8,5,32,1,3,12,1,,14,,6,10,4,2,13,,,,1,1,2,25,36,2,,3,,,1,12,,1,,,,3,,,,,,,,,,,4,,,,1,5,,,1,,,,,,,,,,,,4,4,3,3,3,2,2,1,1,1,1,1,1,1,1,,,,,,,,,,,,,,,,,,,,,,,,,,,,,,,,,,,,,,,,,,,,,,,,,,,,,,,,,,,,,,,,,,,,,,,,,,,,,,,,,,,,,,,,,,,,,,,,,,,,,,,,,,,,,,,,,,,,,,,,,,,,,,,,,,,,,,,,,,,,,,,,,,,,,,,,,,,,,,,,,,,,,,,,,,,,,,,,,,,,,,,,,,,,
150,31,2,8,6,4,3,3,4,2,3,2,1,3,1,,1,1,,,2,,1,2,,2,2,4,6,1,3,Biliran,01/09/2023,,,3,1,1,,,,4,,,2,,,5,,,,,1,,,,,5,,,,,1,,,,,,,,,,,,,1,,,1,,,,,,,,,,,,,,,,,,,,,,,,,,,,,,,,,,,,,,,,,,,,,,,,,,,,,,,,,,,,,,,,,,,,,,,,,,,,,,,,,,,,,,,,,,,,,,,,,,,,,,,,,,,,,,,,,,,,,,,,,,,,,,,,,,,,,,,,,,,,,,,,,,,,,,,,,,,,,,,,,,,,,,,,,,,,,,,,,,,,,,,,,,,,,,,,,,,,,,,,,,,,,,,,,,,,,,,,,,,,,,,,,,,,,,,,,,,,,,,,,,,,,,,,,,,,,,,,
1180,401,297,212,145,132,61,42,36,28,27,71,9,57,90,5,8,25,18,11,17,7,3,43,,11,39,61,43,21,42,Bohol,01/09/2023,5,2,22,12,19,1,9,1,4,4,7,17,2,6,25,3,2,5,11,4,,,,,,,,,,8,9,2,3,3,,2,1,2,4,,,,39,,6,3,21,4,,,,,,4,1,,2,,,,,4,4,,1,,1,3,1,,,,,,,,,,,,,,,,,,,1,3,,,1,,,,,,,,,1,,,,,,,,,,,,,,5,3,1,1,1,1,1,1,1,,,,,,,,,,,,,,,,,,,,,,,,,,,,,,,,,,,,,,,,,,,,,,,,,,,,,,,,,,,,,,,,,,,,,,,,,,,,,,,,,,,,,,,,,,,,,,,,,,,,,,,,,,,,,,,,,,,,,,,,,,,,,,,,,,,,,,,,,,,,,,,,,,,,,,,,,,,,,,,,,,,,,,,,,,,,,,,,,,,
787,127,115,55,108,51,49,8,14,19,6,54,5,34,69,2,4,31,17,36,5,1,3,8,,18,13,27,32,6,1,Bukidnon,01/09/2023,2,2,2,5,3,3,,1,9,1,,18,4,2,7,2,1,9,6,8,,,,,3,,,,,,1,3,4,,1,4,,,1,,,2,,2,,6,,4,,,,,,,,1,,,,,,,,,,,,,,,,,,,,,,,,,,,,,2,,,,1,,,,,,,,,,,,,,,,,,,,,,,,,,,,,,,,,,,,,,,,,,,,,,,,,,,,,,,,,,,,,,,,,,,,,,,,,,,,,,,,,,,,,,,,,,,,,,,,,,,,,,,,,,,,,,,,,,,,,,,,,,,,,,,,,,,,,,,,,,,,,,,,,,,,,,,,,,,,,,,,,,,,,,,,,,,,,,,,,,,,,,,,,,,,,,,,,,,,,,,,,,,,,,,,,,,,,
811,580,375,182,441,421,250,69,55,60,23,119,43,73,408,2,6,99,63,7,13,3,10,24,8,33,46,88,277,22,39,Bulacan,01/09/2023,4,1,4,45,35,11,12,1,13,54,22,42,2,10,47,4,12,33,11,9,,,2,2,4,2,2,,,11,1,10,2,1,20,24,4,,10,,,5,,6,,6,5,22,4,,,,1,3,,7,3,,,,2,,2,,1,,1,,,,,,,,,,1,,,2,,2,,8,12,2,,5,1,,,1,,,,,,,,,1,,,,,,,,,,,,,,,,,,,,,,,3,3,2,1,1,1,1,1,1,1,1,1,1,1,,,,,,,,,,,,,,,,,,,,,,,,,,,,,,,,,,,,,,,,,,,,,,,,,,,,,,,,,,,,,,,,,,,,,,,,,,,,,,,,,,,,,,,,,,,,,,,,,,,,,,,,,,,,,,,,,,,,,,,,,,,,,,,,,,,,,,,,,,,,,,,,,,,,,,,,,,,,,,,,,,,,,
846,118,76,46,118,45,43,5,25,36,11,18,10,24,37,1,6,27,20,7,11,1,3,4,,5,12,22,17,5,2,Cagayan,01/09/2023,,,11,,1,1,,1,4,1,5,3,,,3,3,1,3,13,3,,,,,1,,,2,,1,,,1,,,3,1,,1,,,,,,,8,,2,,,,,,1,,,,,1,,,,,,,,,,,,,,,,,,,,,,,,,,,,,,,,,,,,,,,,,,,,,,,,,,,,,,,,,,,,,,,,,,,,,,1,,,,,,,,,2,1,1,1,,,,,,,,,,,,,,,,,,,,,,,,,,,,,,,,,,,,,,,,,,,,,,,,,,,,,,,,,,,,,,,,,,,,,,,,,,,,,,,,,,,,,,,,,,,,,,,,,,,,,,,,,,,,,,,,,,,,,,,,,,,,,,,,,,,,,,,,,,,,,,,,,,,,,,,,,,,,,,,,,
317,63,46,39,40,18,21,10,16,15,7,9,2,12,4,,1,11,7,1,1,,1,12,,4,4,15,27,2,2,Camarines Norte,01/09/2023,,,8,2,2,,1,,1,2,5,3,,1,6,1,,,,1,,,,,,,,,,2,,5,,,,,,,,,,2,,,,,,1,,,,,,,,,,,,,,,,,,,,,,,,,,,,,,,,,,,,,,,,,,,,,,,,,,,,,,,,,,,,,,,,,,,,,,,,,,,,,,,,,1,,,,,,,,,,,,,,,,,,,,,,,,,,,,,,,,,,,,,,,,,,,,,,,,,,,,,,,,,,,,,,,,,,,,,,,,,,,,,,,,,,,,,,,,,,,,,,,,,,,,,,,,,,,,,,,,,,,,,,,,,,,,,,,,,,,,,,,,,,,,,,,,,,,,,,,,,,,,,,,,,,,,,,,,,,,,,
1181,220,128,72,143,58,78,11,31,25,12,34,7,31,47,1,3,26,28,,21,1,3,17,3,9,34,30,69,9,13,Camarines Sur,01/09/2023,,,8,4,3,,1,5,4,5,1,11,3,1,13,,7,8,5,,,,,,,,,,,3,1,1,1,1,1,2,1,,1,,,,,1,,1,,,,,,,,,,1,,,,,,,,,1,,,,,,,,,,,,,,,,,,,1,,1,,,,,,2,,,,,,,,,,,,,,,,,,,,,,,,,,,,,,,1,,,,,,,,,,,,,,,,,,,3,1,,,,,,,,,,,,,,,,,,,,,,,,,,,,,,,,,,,,,,,,,,,,,,,,,,,,,,,,,,,,,,,,,,,,,,,,,,,,,,,,,,,,,,,,,,,,,,,,,,,,,,,,,,,,,,,,,,,,,,,,,,,,,,,,,,,,,,,,,,,,,,,,,,,,,,,,,,,,,,,
54,14,38,6,11,10,2,2,1,1,1,4,,,5,,,1,3,1,,,,3,,2,1,8,2,,,Camiguin,01/09/2023,,,4,,,,1,,,,,2,1,1,2,,,,,,,,,,,,,,,,,,,,,,,,3,,,,3,,,,,,,,,,,,,,,,,,,,,,,,,,,,,,,,,,,,,,,,,,,,,,,,,,,,,,,,,,,,,,,,,,,,,,,,,,,,,,,,,1,,,,,,,,,,,,,,,,,,,,,,,,,,,,,,,,,,,,,,,,,,,,,,,,,,,,,,,,,,,,,,,,,,,,,,,,,,,,,,,,,,,,,,,,,,,,,,,,,,,,,,,,,,,,,,,,,,,,,,,,,,,,,,,,,,,,,,,,,,,,,,,,,,,,,,,,,,,,,,,,,,,,,,,,,,,,,,,,,,
539,207,56,60,47,29,26,29,17,4,16,11,4,37,20,,1,25,14,1,11,3,2,4,,4,13,28,15,5,2,Capiz,01/09/2023,2,,3,7,21,1,,4,2,16,1,1,1,2,61,1,5,33,36,2,,,,1,,,,2,,66,1,,4,1,1,3,,1,1,,,1,,,,,,,1,,,,,,1,,,,,,,,,,,,,1,,,,,,,,,,,,1,,,,,,,,,,,,,,,,,,,,,,,,,,,,,,,,,,,,,,3,,,,5,,,,1,,,,,,,,,,,,,4,,,,,1,1,,,,,,,,,,,,,,,,,,,,,,,,,,,,,,,,,,,,,,,,,,,,,,,,,,,,,,,,,,,,,,,,,,,,,,,,,,,,,,,,,,,,,,,,,,,,,,,,,,,,,,,,,,,,,,,,,,,,,,,,,,,,,,,,,,,,,,,,,,,,,,,,,,,,,,,,,,,,,
262,40,15,16,12,4,7,1,9,4,5,4,1,4,11,,2,11,7,1,2,,,3,,2,7,3,8,3,,Catanduanes,01/09/2023,1,,4,1,,1,,,1,,1,3,,,7,,,,,,,,,,1,,,2,,1,1,1,,,,,,,1,,,2,,,,3,,,,,,,,,6,,,,1,,,,,,,,,,,,,,,,,,,,,,,,,,,,,,,,,1,,,,,,,,,,,,,,,,,,,,,,,,,,,,,,,,,,,,,,,,,,,,,,,,,,,,,,,,,,,,,,,,,,,,,,,,,,,,,,,,,,,,,,,,,,,,,,,,,,,,,,,,,,,,,,,,,,,,,,,,,,,,,,,,,,,,,,,,,,,,,,,,,,,,,,,,,,,,,,,,,,,,,,,,,,,,,,,,,,,,,,,,,,,,,,,,,,,,,,,,,,,,,,,,,,
797,587,712,264,389,714,278,309,107,62,26,208,33,117,1294,5,12,91,61,12,28,5,10,41,11,35,155,75,273,7,16,Cavite,01/09/2023,4,7,,65,25,29,27,3,6,106,50,152,3,22,114,15,30,130,20,22,4,,2,1,2,3,,1,1,16,2,10,20,5,20,438,4,,92,3,,45,,5,11,6,7,39,2,,,1,,12,9,150,3,,,,11,,1,,2,,,,,,,,,1,,,7,,,6,,4,,6,15,3,1,,,,,6,,,,,,,,,3,,,,,,1,,,14,,,1,,,,,,,1,,,,,,1,,1,1,,,,,,,58,,,,,,16,,,,16,7,5,3,3,3,3,2,1,1,1,1,1,1,1,1,1,,,,,,,,,,,,,,,,,,,,,,,,,,,,,,,,,,,,,,,,,,,,,,,,,,,,,,,,,,,,,,,,,,,,,,,,,,,,,,,,,,,,,,,,,,,,,,,,,,,,,,,,,,,,,,,,,,,,,,,,,,,,,,,,,,,,,,,,,,,,
1827,578,899,679,405,511,368,112,80,66,61,273,39,93,465,13,10,62,59,5,65,6,15,118,6,38,107,119,291,50,26,Cebu,01/09/2023,3,4,27,40,25,6,18,7,8,35,23,86,,7,59,9,10,48,16,27,2,,2,3,2,,,4,1,33,5,21,9,10,2,7,2,,22,5,,16,42,11,1,11,19,7,2,,,1,,5,3,10,1,,2,,6,1,5,,,,4,,,,,,,1,,,3,,,8,,2,,7,1,1,4,,1,1,,,,,,,,,,,4,2,,,,,,,,,,,,,,,,,1,1,,,4,,1,1,,,,,,1,,,,,,,,,,,,,,,,,,,3,1,,,,,,,,,,,7,4,2,1,1,1,1,1,1,1,,,,,,,,,,,,,,,,,,,,,,,,,,,,,,,,,,,,,,,,,,,,,,,,,,,,,,,,,,,,,,,,,,,,,,,,,,,,,,,,,,,,,,,,,,,,,,,,,,,,,,,,,,,,,,,,,,,,,,,,,,,,,,,,,,
418,52,20,57,45,8,16,4,11,10,5,9,3,4,3,,1,6,3,7,1,,1,,1,2,6,11,13,1,1,Compostela Valley,01/09/2023,1,,,3,4,,,1,3,,3,3,1,,5,,,1,8,,,,,,,,,1,,,2,1,,,1,,,,,,,,,,,,,1,,,,,,,,,,,,,,,1,,,,,,,,,,,,,,,,,,,,,,,,,,,,,,,,,,,,,,,,,,,,,,,,,,,,,,,,,,,,,,,,,,,,,,,,,,,,,,,,,,,,,,,,,,,,,,,,,,,,,,,,,,,,,,,,,,,,,,,,,,,,,,,,,,,,,,,,,,,,,,,,,,,,,,,,,,,,,,,,,,,,,,,,,,,,,,,,,,,,,,,,,,,,,,,,,,,,,,,,,,,,,,,,,,,,,,,,,,,,,,,,,,,,,,,,,,,,,,,
455,181,89,78,120,35,57,12,21,13,10,33,3,19,62,,1,31,23,3,2,,,12,3,2,9,16,25,9,6,Davao del Norte,01/09/2023,1,,2,1,9,,2,1,6,,7,7,,,13,4,3,3,19,2,,,,,,,,,,1,4,5,1,,,1,,,1,,,,1,,1,2,,,,,,,1,,,2,,,,,,,,,,,,,,,,,,,,,,,,,,,,,1,1,,,,,,,,,,,,,,,,,,,,,,,,,,,,,,,,,,,,,,,,,,,,,,,,,,,,,,,,,,,,,,,,,,,,,,,,,,,,,,,,,1,,,,,,1,1,,,,,,,,,,,,,,,,,,,,,,,,,,,,,,,,,,,,,,,,,,,,,,,,,,,,,,,,,,,,,,,,,,,,,,,,,,,,,,,,,,,,,,,,,,,,,,,,,,,,,,,,,,,,,,,,,,,,,,,,,,,,,,,,
1021,516,651,236,377,332,270,80,60,32,24,165,58,99,331,3,11,60,86,31,18,4,8,53,6,36,39,42,160,18,33,Davao del Sur,01/09/2023,,,7,39,54,8,5,8,19,22,41,65,31,1,73,1,10,59,93,10,,,2,2,1,,1,4,,11,8,24,11,9,1,1,2,6,10,1,,14,,4,4,7,3,15,1,1,1,,,2,2,10,1,,2,,,,,,,,1,,,,,,,3,,,,,,4,,2,,4,2,2,,,,,,,,,,,,,2,5,3,3,,,,,,,,,,,,,,,,1,,,,,1,,1,3,,,,,,,,,,,,,,,,,,,,,,,,,,2,,,,,,,,,,,,,,,3,,,,,,,,2,2,1,1,1,1,1,1,1,1,1,1,1,1,1,,,,,,,,,,,,,,,,,,,,,,,,,,,,,,,,,,,,,,,,,,,,,,,,,,,,,,,,,,,,,,,,,,,,,,,,,,,,,,,,,,,,,,,,,,,,,,,,,,,,,,,,,,,,,,,,,
398,58,31,42,45,15,21,6,11,12,3,7,4,2,5,2,,7,8,8,1,,1,2,,4,7,12,8,1,1,Davao Oriental,01/09/2023,,,1,1,,,,,9,,,6,,,4,1,2,2,7,4,,,,,,1,,3,,2,1,,,,,3,2,,,,,,,,,,,1,,,,,,,,,,,,,,,,,,,,,,,,,,,,,,,,,,,,,,,,,,,,,,,,,,,,,,,,,,,,,,,,,,,,,,,,,,,,,,,,,,,,,,,,,,,,,,,,,,,,,,,,,,,,,,,,,,,,,,,,,,,,,,,,,,,,,,,,,,,,,,,,,,,,,,,,,,,,,,,,,,,,,,,,,,,,,,,,,,,,,,,,,,,,,,,,,,,,,,,,,,,,,,,,,,,,,,,,,,,,,,,,,,,,,,,,,,,,,,,,,,,,,,,,,,,,,,
140,8,3,13,,1,8,,1,,2,,5,1,1,,1,3,,1,,,,,,,2,2,1,,,Dinagat Islands,01/09/2023,,,13,,,,,,,,,,,,,,,,,,,,,,,,,,,,,,,,,,,,,,,,,,,1,,,,,,,,,,,,,,,,,,,,,,,,,,,,,,,,,,,,,,,,,,,,,,1,,,,,,,,,,,,,,,,,,,,,,,,,,,,,,,,,,,,,,,,,,,,,,,,,,,,,,,,,,,,,,,,,,,,,,,,,,,,,,,,,,,,,,,,,,,,,,,,,,,,,,,,,,,,,,,,,,,,,,,,,,,,,,,,,,,,,,,,,,,,,,,,,,,,,,,,,,,,,,,,,,,,,,,,,,,,,,,,,,,,,,,,,,,,,,,,,,,,,,,,,,,,,,,,,,
545,126,26,101,58,11,13,5,9,10,11,5,6,14,7,,1,20,6,,5,3,1,3,,6,28,16,26,48,3,Eastern Samar,01/09/2023,1,,26,3,,1,2,1,3,6,,2,,,8,2,,15,3,4,,,,,,,,2,,1,,,,,,1,,,,,1,,,,,1,,,,,,,,,,,,,,,,,,,1,,,,,,,,,,,,1,,,,,,,,,,,,,,,,,,,,,,,,,,,,,,,,,,,,,,,,,,,,,,,,,,,,,,,,,,,,,,,,,16,,,,,,,,,,,,,,,,,,,,,,,,,,,,,,,,,,,,,,,,,,,,,,,,1,,,,,,,,,,,,,,,,,,,,,,,,,,,,,,,,,,,,,,,,,,,,,,,,,,,,,,,,,,,,,,,,,,,,,,,,,,,,,,,,,,,,,,,,,,,,,,,,,,,,,,,,,,,,,,,,
122,48,13,22,23,5,5,1,6,,4,3,2,,4,2,,3,3,,1,,1,1,,1,,10,1,3,2,Guimaras,01/09/2023,1,,7,1,,,,,,,,2,,,,1,,,,,,,,,,,,1,,,1,,,,,,,,,,,1,,,,,,,,,,,,,,,,,,,,,2,,,,,,,,,,,,,,,,,,,,,,,,,,,,,,,,,,,,,,1,,,,,,,,,,,,,,,,,,,,,,,,,,,,,,,,,,,,,,,,,,,,,,,,,,,,,,,,,,,,,,,,,,,,,,,,,,,,,,,,,,,,,,,,,,,,,,,,,,,,,,,,,,,,,,,,,,,,,,,,,,,,,,,,,,,,,,,,,,,,,,,,,,,,,,,,,,,,,,,,,,,,,,,,,,,,,,,,,,,,,,,,,,,,,,,,,,,,,,,,,
268,41,22,18,12,2,10,2,9,7,4,2,1,6,9,,,11,,6,4,,1,5,,3,7,9,1,3,6,Ifugao,01/09/2023,,,,,2,2,1,,1,,,5,,,41,,,1,2,,,,,,,,,,,,,,1,,,,,,,,,,,,2,,,,,,,,,,,,,,,,,,,,,,,,,,,,,,,,1,,,,,,,,,,,1,,,,,,,,,,,,,1,,,,,,,,,,,,,,,,,,,,,,1,,,,,,,,,,,,,,,,,,,,,,,,,,,,,,,,,,,,,,,,,,,,,,,,,,,,,,,,,,,,,,,,,,,,1,,,,,,,,,,,,,,,,,,,,,,,,,,,,,,,,,,,,,,,,,,,,,,,,,,,,,,,,,,,,,,,,,,,,,,,,,,,,,,,,,,,,,,,,,,,,,,,,,,,,,,,,,,,,,,,
484,97,81,61,65,54,36,7,23,31,8,11,10,16,26,1,1,23,7,15,4,3,5,6,,4,15,17,42,7,6,Ilocos Norte,01/09/2023,,,,,5,,1,,1,2,3,23,,1,16,,2,1,9,5,,,,,,,,,1,2,,2,1,,,,1,1,,,,4,1,,,,1,1,1,,,,2,1,,1,,,,,,,,,,,,,,,,,,,,,,,,,,,,,,,,,,,,1,,,,,1,,,,1,,,,,,,,,,,,,,,,,,,,,,,,,,,,,,,,,,,,,,,,,,,,,,,,,,,,,,,,,,,,,,,,,,,,,,,,,,,,,,,,,,,,,,,,,,,1,1,1,,,,,,,,,,,,,,,,,,,,,,,,,,,,,,,,,,,,,,,,,,,,,,,,,,,,,,,,,,,,,,,,,,,,,,,,,,,,,,,,,,,,,,,,,,,,,,,,,,,,,,,,,,,,
585,73,73,43,75,56,55,14,15,13,10,23,5,8,26,,4,21,11,32,1,,2,6,,15,22,19,36,,6,Ilocos Sur,01/09/2023,,1,,5,4,,3,2,3,5,2,14,,4,4,2,5,12,5,5,,,,,,1,,,,4,,3,2,,,1,1,,1,,1,,,,,,,1,1,,,,,,,,,,,,,,,,,,,,,,,,,,,,,,,1,,,,,2,,,,,,,,,,,,,,,,,,,,,,,,,,,,,,,,,,,,,,,,,,,,,,,,,,,,,,,,,,,,,,,,,,,,,,,,,,,,,,,,,,,,,,,,,,,,,,,,,,,,,,,,,,,,,,,,,,,,,,,,,,,,,,,,,,,,,,,,,,,,,,,,,,,,,,,,,,,,,,,,,,,,,,,,,,,,,,,,,,,,,,,,,,,,,,,,,,,,,,,,,,,,,,,,,,,,,,,,,
1430,478,325,250,229,262,182,48,59,41,43,132,29,84,222,6,15,38,50,13,20,7,9,25,3,22,112,93,200,26,12,Iloilo,01/09/2023,2,3,13,33,16,3,9,16,11,45,3,80,,14,146,3,8,63,46,21,,,2,,1,,2,2,1,8,8,2,4,6,2,27,2,,17,,,62,,2,3,6,9,4,1,,2,1,1,1,2,,1,,2,,,,1,,1,,,,,,,,,,,,2,,,3,,1,,10,,4,,1,1,,,,,,,,,,,,1,3,,,1,,,,,,,,,,,,3,,,,,,,3,,1,,,,,,,,,,,,,,,,2,,,,,1,,,,1,,,,,,,,1,3,,,,,,,,,,,,,,,,,,,,,,,,,,,,,,,,,,,2,2,1,1,1,1,1,1,1,,,,,,,,,,,,,,,,,,,,,,,,,,,,,,,,,,,,,,,,,,,,,,,,,,,,,,,,,,,,,,,,,,,,,,,,,,,,,,,,,,,,,,,,,,,,,,,,,,,
1142,151,49,45,116,29,65,9,17,24,6,8,8,5,49,,7,37,39,7,14,,2,,1,5,21,24,20,1,3,Isabela,01/09/2023,,,3,4,1,2,,5,,3,1,7,1,,9,1,,1,2,,,,,,2,1,,,,,,1,1,1,,,1,,6,,,4,,,,4,1,2,,,,,2,,,,,,,,,,,,,,,,,,,,,,,,,,1,,,,,1,,,,,,,,,,,,,,,,,,,,,,,,,,,,,,,,,,,,,,,,,,,,,,,,,,,,,,,,,,,,,,,,,,,,,,,,,,,,,,,,,,,,,,,,,,,,,,,,,,,,,,,,,,,,,,,,,,,,,,,,1,,,,,,,,,,,,,,,,,,,,,,,,,,,,,,,,,,,,,,,,,,,,,,,,,,,,,,,,,,,,,,,,,,,,,,,,,,,,,,,,,,,,,,,,,,,,,,,,,,
298,13,10,5,12,4,5,5,4,2,2,3,2,1,1,,1,6,5,1,1,,,1,,,2,4,2,,,Kalinga,01/09/2023,,,,,,,,,,,,,,,1,,,,1,,,,,,,,,,,,,,,,,,,,,,,,,,,1,,,,,,,1,,,,,,,,,,,,,,,,,,,,,,,,,,,,,,,,,,,,,,,,,,,,,,,,,,,,,,,,,,,,,,,,,,,,,,,,,,,,,,,,,,,,,,,,,,,,,,,,,,,,,,,,,,,,,,,,,,,,,,,,,,,,,,,,,,,,,,,,,,,,,,,,,,,,,,,,,,,,,,,,,,,,,,,,,,,,,,,,,,,,,,,,,,,,,,,,,,,,,,,,,,,,,,,,,,,,,,,,,,,,,,,,,,,,,,,,,,,,,,,,,,,,,,,,,
476,180,207,125,122,114,76,9,38,13,8,26,11,18,102,,1,19,15,4,6,1,5,9,,10,24,20,51,12,4,La Union,01/09/2023,,1,,15,4,5,1,2,7,12,22,19,1,3,49,2,7,4,4,2,1,,,,1,,,1,,5,1,1,,,1,,,,5,,1,1,1,3,,1,,4,,,,,,,1,1,,,1,,,,,,,,,,,,,,,,,,,,,3,,1,,,3,2,1,,,,,,,,,,13,,,,,,,,,,,,,,,,,,,,,,,,,,,,,,,,,,,,,,,,,,,,,,,,,,,,,,,,,,,,,,,,,,,,,,,,,,,,,,1,,,,,,,,,,,,,,,,,,,,,,1,,,,,,,,3,1,1,1,,,,,,,,,,,,,,,,,,,,,,,,,,,,,,,,,,,,,,,,,,,,,,,,,,,,,,,,,,,,,,,,,,,,,,,,,,,,,,,,,,,,,,,,,,,,,,
852,597,690,275,302,437,318,122,72,74,33,185,55,91,732,3,20,68,91,9,23,2,8,34,7,36,57,52,214,12,29,Laguna,01/09/2023,3,1,12,46,64,15,11,8,8,80,95,100,8,18,83,9,8,248,27,20,,,,,,1,,1,,35,3,9,7,2,12,233,13,,13,3,1,12,,12,24,3,4,16,3,1,2,,,7,,4,7,,,,,,3,,2,,,,,,,,,2,,,2,,,3,,5,,2,12,3,1,,,,,1,,,1,,,,,,1,,,,1,,,,,,,,,,,,,2,,,,,,,,1,,,2,,,,,,,,,,,,,7,,,,,,,,,,,,,,4,,,,,,,,,,,6,,,,,,,,,1,,,,,,,,,,,,,,1,,,,,,,3,,,,,,,,,,,,12,1,1,1,1,1,1,1,1,1,1,1,1,1,1,,,,,,,,,,,,,,,,,,,,,,,,,,,,,,,,,,,,,,,,,,,,,,,,,,,,,,,,,,,,,,,,,,,,,,,,,,,,,,,
480,223,57,70,72,37,28,7,27,12,4,8,15,25,12,,4,19,15,3,1,1,1,7,1,7,29,18,35,7,1,Lanao del Norte,01/09/2023,36,,,8,5,15,,3,5,1,4,3,,3,11,,2,,40,1,,,,,,,,1,,1,,,2,,,,,,,,,,,,,7,,1,,,,,,1,,,,,,,,,,,,,,,,,,,,,,,,,,,,,,1,1,,,,,26,,,,,,,,,,,,1,,,,,,,,,,,,,,,,,,,,,,,,,,,,,,,,,,,,,,,,,,,,,,,,,,,,,,,,,,,,,,,,,,,,,,,,,,,,,,,,,,,,,,,,,,,,,,,,,,,,,,,,,,,,,,,,,,,,,,,,,,2,1,,,,,,,,,,,,,,,,,,,,,,,,,,,,,,,,,,,,,,,,,,,,,,,,,,,,,,,,,,,,,,,,,,,,,,,,,,,,,
167,105,21,21,31,3,4,1,9,1,1,12,3,6,,,1,6,17,,1,,2,,,1,16,6,12,,1,Lanao del Sur,01/09/2023,1,,,2,3,,1,,2,3,,1,,1,1,1,2,11,,,,,,,,,,,,1,,,1,,1,,,,,,,,,,,1,,,,,,,,,,,,,,,,,,,,,,,,,,,,,,,,,,,,,,,,,,,,,,,,,,,,,,,,,,,,,,,,,,,,,,,,,,,,,,,,,,,,,,,,,,,,,,,,,,,,,,,,,,,,,,,,,,,,,,,,,,,,,,,,,,,,,,,,,,,,,,,,,,,,,,,,,,,,,,,,,,,,,,,,,,,,,,,,,,,,1,,,,,,,,,,,,,,,,,,,,,,,,,,,,,,,,,,,,,,,,,,,,,,,,,,,,,,,,,,,,,,,,,,,,,,,,,,,,
1495,445,259,198,171,270,117,43,89,31,24,75,32,101,117,1,15,51,44,42,16,21,6,22,5,24,212,71,142,70,7,Leyte,01/09/2023,2,8,13,17,22,8,2,5,12,18,6,45,951,10,83,4,22,12,18,10,3,,1,,,,,,3,20,10,3,12,2,4,14,1,2,1,2,1,6,,1,1,6,,4,3,,2,1,,2,3,4,3,,1,,,,,,,,2,,,,,,,1,,,5,,,2,,3,,1,3,,,,,,,1,,,,,,,4,,3,,,,,,,,,,,,,,,,,2,,,,,1,,,1,,1,,,,1,,,,,,,,,,2,,,,,,,,,,,,,,,,,,,,,1,,,,,,,,,,,,,,,,,,,,,1,,,,,,,,,,,,,,,,,,,,1,,,,,,,,,,,,,,,,,,,,,,,2,2,1,1,1,1,1,1,1,1,1,,,,,,,,,,,,,,,,,,,,,,,,,,,,,,,,,,,,,,,,,,,,,,,,,,,,,,,,,,,,,,,,,
264,84,65,46,33,33,20,7,46,6,7,9,9,3,2,,2,14,21,18,7,,1,1,2,9,9,19,18,5,1,Maguindanao,01/09/2023,,,,1,3,,1,1,2,,,1,,1,2,,,,1,,,,,,,,,,1,1,,,,,,,2,,,,,,,,,,,,,,,,,,,,,,,,,,,,,,,,,,,,,,,,,,,,,,,,,,,,,,,,,,,,,,,,,,,,,,,,,,,,,,,,,,,,,,,,,,,,,,,,,,,,,,,,,,,,,,,,,,,,,,,,,,,,,,,,,,,,,,,,,,,,,,,,,,,,,,,,,,,,,,,,,,,,,,,,,,,,,,,,,,,,,,,,,,,,,,,,,,,,,,,,,,,,,,,,,,,,,,,,,,,,,,,,,,,,,,,,,,,,,,,,,,,,,,,,,,,,,,,,,,,,,,,,,
228,31,7,17,9,4,3,4,6,2,2,2,1,3,1,,1,4,3,,,1,3,,,4,4,6,6,,,Marinduque,01/09/2023,,1,1,2,2,,,,,3,,1,,1,10,,1,7,2,2,1,,,,,,,,,,,,,,,,,,,,,,,,,1,,,,,,,,,1,,,,1,,,,,,,,,,,,,,,,,,,,,,,,,,,,,,,,,,,,,,,,,,,,,,,,,,,,,,,,,,,,,,,,,,,,,,,,,,,,,,,,,,,,,,,,,,,,,,,,,,,,,,,,,,,,,,,,,,,,,,,,,,,,,,,,,,,,,,,,,,,,,,,,,,,,,,,,,,,,,,,,,,,,,,,,,,,,,,,,,,,,,,,,,,,,,,,,,,,,,,,,,,,,,,,,,,,,,,,,,,,,,,,,,,,,,,,,,,,,,,,,,,,
723,24,7,13,20,7,11,5,9,3,1,,9,3,2,,1,7,4,,1,,1,,,1,11,9,3,2,5,Masbate,01/09/2023,,,5,,,,1,,,,,,,1,4,3,1,,,1,,,,,,,,1,,,1,,,,,,,,,,,,,,,,,1,,,,,,,,,,,,,,,,,,,,,,,,,,,,,,,,,,,,,,,,,,,,,,,,,,,,,,,,,,,,,,,,,,,,,,,,,,,,,,,,,,,,,,,,,,,,,,,,,,,,,,,,,,,,,,,,,,,,,,,,,,,,,,,,,,,,,,,,,,,,,,,,,,,,,,,,,,,,,,,,,,,,,,,,,,,,,,,,,,,,,,,,,,,,,,,,,,,,,,,,,,,,,,,,,,,,,,,,,,,,,,,,,,,,,,,,,,,,,,,,,,,,,,,,,,,,,,
523,37,26,54,37,13,40,3,10,8,6,13,7,6,15,,3,15,8,1,6,,3,1,,5,8,14,16,1,1,Misamis Occidental,01/09/2023,2,,2,3,2,,1,1,1,1,,1,1,3,1,1,1,2,3,4,,,,,,,,2,,1,,,,,1,,,,1,,,,,,1,10,,2,,,,,,1,1,,,,,,,,1,,,,,,,,,,,,,,,,,,,,,,,,,,,,,,,,,,,,,,1,,,,,,,,,,,,,,,,,,,,,,,,,,,,,,,,,,,,,,,,,,,,,,,,,,,,,,,,,,,,,,,,,,,,,,,,,,,,,,,,,,,,,,,,,,,,,,,,,,,,,,,,,,,,,,,,,,,,,,,,,,,,,,,,,,,,,,,,,,,,,,,,,,,,,,,,,,,,,,,,,,,,,,,,,,,,,,,,,,,,,,,,,,,,,,,,,,,,,,,,,
682,202,179,82,192,133,123,28,26,20,18,69,9,34,163,1,6,30,23,4,12,3,5,20,2,15,16,32,93,6,9,Misamis Oriental,01/09/2023,3,,2,29,20,1,1,10,12,12,22,22,,4,30,3,1,8,12,6,1,,,,,1,,1,,10,2,3,1,,4,1,1,,7,,,14,1,2,,2,2,7,,,,,,,,7,1,,,,,1,,,,,,2,,,,,,,,,,,,,,4,,3,1,,,,,,,3,,,,,,,,,,3,,,,,,,,,,,,,,,,,,,,,,,,,,,1,,,,,,,,,,,,,,,,,,,,,,,,,,,,,,,,,,,,,,,,,,,,,,1,,,,,,,,,,,,,,,,,,,,,,,,,,,,,,,,,,,,,,,,,,,,,,,,,,,,,,,,,,,,,,,1,1,,,,,,,,,,,,,,,,,,,,,,,,,,,,,,,,,,,,,,,,,,,,,,,,,,,,,,,,,,,,,,,
276,37,52,17,21,5,6,,10,16,5,31,5,4,16,,2,10,2,,1,,1,5,,3,2,4,11,9,1,Mountain Province,01/09/2023,,,,2,,1,,2,1,1,,7,,,11,1,,,3,,,,,,,,,,,,,,,,1,1,,3,,,,,,,,1,1,2,,,,,,,,,,,,,,2,,,,,,,,,,,,,,,,,,1,,,,1,1,,,1,,,,,,,,,,,,,,,,,,,,,,,,,,,,,,,,,,,,,,,,,,,,,,,,,,,,,,,,,,,,,,,,,,,,,,,,,,,,,,2,,,,,,,,,,,,,,,,,,,,,,,,,,,,,,,,,,,,,,,,,,,,,,,,,,,,,,,,,,,,,,,,,,,,,,,,,,,,,,,,,,,,,,,,,,,,,,,,,,,,,,,,,,,,,,,,,,,,,,,,,,,,,,,,,,,,,,,,
1299,320,235,97,196,150,124,38,39,44,34,126,7,29,124,3,15,41,49,14,32,2,7,33,4,25,67,66,78,6,10,Negros Occidental,01/09/2023,16,3,16,20,6,4,2,7,1,9,9,26,,5,36,4,2,7,23,13,,,,2,3,1,,1,,11,1,14,5,,1,3,2,2,4,1,,4,5,4,4,6,2,3,,,,,,1,2,,,,,,,,1,,,,,,,,,,,,,,,,,2,,,,3,,1,,,,,,1,,,,,,,,,1,1,,,,,,,,,,,,,,,,,,,,,,,,,,,,,,,,,,,,,,,,,,,,,3,,,,,,,,,,,,1,,,,,,1,,,,,,,,,,,,,,,,,,,,,,,,,,,,,,1,,,,,,,,,,,,,,,,,,,,,,,,,,,,,,,,,,,,,,,,,,,,,1,1,1,1,,,,,,,,,,,,,,,,,,,,,,,,,,,,,,,,,,,,,,,,,,,,,,,,,,,,,,,,,,,
920,134,158,270,117,115,72,22,36,17,22,66,7,18,51,1,8,16,21,1,18,6,9,24,2,14,9,48,47,11,15,Negros Oriental,01/09/2023,2,,11,12,11,6,3,5,1,7,3,25,3,2,11,4,1,7,10,15,,,,,,,,1,1,6,2,2,1,,1,3,1,1,4,,,,13,1,,1,5,1,2,,,,,,,,,,,,,4,,,,,,,,,,,,,,,,,,1,,3,,,,,,,,,,2,,,,,,,,,1,,,,,,,,,,,,,,,,,,,,,,,,,1,,,,,,,,,,,,,,,,,,,,,,,,,,,,,,,,,,,,,,,,,,,,,,,,,,,,,,,,,,,,,,,,,,,,,,,,1,,,,,,,,,,,,,,,,,,,,,,,,,,,,,,,,,,,,,,,,,,,,,,1,1,,,,,,,,,,,,,,,,,,,,,,,,,,,,,,,,,,,,,,,,,,,,,,,,,,,,,,,,,
891,72,51,46,76,16,30,3,14,17,7,14,8,8,13,,5,29,24,4,1,1,,1,1,15,25,15,17,6,1,North Cotabato,01/09/2023,1,,,2,3,,,,3,2,2,6,,,5,1,3,13,5,3,,,,,,,,,,2,1,,1,,,,,,,,,2,,1,,2,2,1,,,,,,,,1,,,,,,,,,,,,,,,,,,,,,,,,,,,,,,,,,,,,,,,,,,,,,,,,,,,,,,,,,,,,,,,,,,,,,,,,,,,,,,,,,,,,,,,,,,,,,,,,,,,,,,,,,,,,,,,,,,,,,,,,,,,,,,,,,,,,,,,,,,,,,,,,,,,,,,,,,,,,,,,,,,,,,,,,,,,,,,,,,,,,,,,,,,,,,,,,,,,,,,,,,,,,,,,,,,,,,,,,,,,,,,,,,,,,,,,,,,,,,,,,,,,,,,
596,60,17,38,12,12,19,1,14,9,12,6,8,17,7,,2,9,20,1,2,2,1,7,1,1,35,7,30,5,3,Northern Samar,01/09/2023,6,,35,2,2,,1,1,,7,1,4,,1,14,1,1,1,2,,,,,1,2,,,2,,1,,1,1,2,,,,,1,,,3,1,1,,,2,,,,,,,,,,,,,,,,,,,,,,,,,,,,,,,,,,,,,,,3,,,,,,,,,,,,,,,,,,,,,,,,,,,,,,,,,,,,,,,,1,,,,,,,,,,,,,,,,,,,,,,,,,,,,,,,,,,,,,,,,,,,,,,,,,,,,,,,,,,,,,,,,,,,,,,,,,,,,,,,,,,,,,,,,,,,,,,,,,,,,,,,,,,,,,,,,,,,,,,,,,,,,,,,,,,,,,,,,,,,,,,,,,,,,,,,,,,,,,,,,,,,,,,,,,,,,,,,,
994,373,141,208,265,162,130,29,42,37,13,41,23,37,82,,3,38,37,11,12,4,9,12,,19,22,40,117,13,14,Nueva Ecija,01/09/2023,1,,,22,14,1,2,1,8,11,5,19,22,6,19,4,9,7,12,7,,,,,1,1,1,,,3,1,2,,,4,,2,,1,,,4,,1,,1,2,17,,,6,,,,,1,1,,,,,,,,,,,,,,,,,,,,,,,,,,,2,6,,,,,,,1,,,,,,,,,1,,,1,,,,,,,,,1,,,,,,,,,,,,,,,,,,,,,,,,,,,,,,,,,,,,,,,,,,,,,,,,,,,,,,,,,,,,,,,,,,,,,,,,,,,,,,,,,,,,,,,,,,,,,,,,,,,,,,,,,,,,,,,,,,,,,,,,,,,,,,,,,,,,,1,1,,,,,,,,,,,,,,,,,,,,,,,,,,,,,,,,,,,,,,,,,,,,,,,,,,,,,,,
384,90,46,30,89,29,29,2,15,7,1,9,4,17,43,1,6,13,14,3,3,,1,3,,4,16,12,13,2,1,Nueva Vizcaya,01/09/2023,1,,,1,4,2,2,6,,3,,7,,1,25,1,,1,3,1,,,,,,,,,1,,,,5,,1,,,,,,,,,,,,,1,,,,,,,,,,,,,,,,,,,,,,,,,,,,,,,,,,,,,,,,,,,,,,,,,,,,,,,,,,,,,,,,,,,,,,,,,,,,,,,,,,,,,,,,,,,,,,,,,,,,,,,,,,,,,,,,,,,,,,,,,,,,,,,,,,,,,,,,,,,,,,,,,,,,,,,,,,,,,,,,,,,,,,,,,,,,,,,,,,,,,,,,,,,,,,,,,,,,,,,,,,,,,,,,,,,,,,,,,,,,,,,,,,,,,,,,,,,,,,,,,,,,,,,,,,,,,,
349,100,24,43,36,65,19,4,11,11,1,2,3,18,12,,,9,8,,,1,3,4,,5,19,10,17,4,6,Occidental Mindoro,01/09/2023,,,6,4,1,2,,2,,4,31,6,,,31,1,4,,3,1,,,,,1,,,,,1,1,,,,,,1,,,,,,1,,2,,,2,,,,,,,,,,,4,,,,,,,,,,2,,,,,,,,,,,,,,,,,,,,,,,,,,,,,,,,,,,,,,,,,,,,,,,,,,,,,,,,,,,,,,,,,,,,,,,,,,,,,,,,,,,,,,,,,,,,,,,,,,,,,,,,,,,,,,,,,,,,,,,,,,,,,,,,,,,,,,,,,,,,,,,,,,,,,,,,,,,,,,,,,,,,,,,,,,,,,,,,,,,1,,,,,,,,,,,,,,,,,,,,,,,,,,,,,,,,,,,,,,,,,,,,,,,,,,,,,,
579,96,121,49,56,53,55,7,16,15,6,15,8,8,25,,,14,20,1,3,1,5,21,,6,6,32,34,5,4,Oriental Mindoro,01/09/2023,2,1,5,4,4,2,1,3,3,6,2,2,1,,3,2,3,4,2,,,,,,,,,3,,4,1,14,,,,,,,2,,,2,17,2,,,,,2,,,,1,,,,,,,,,,,,1,,,,,,,,,,,,,,,,,,,,,,1,,,,,,,,,,,,,,,,,,,,,,,,,,,,,,,,,,,,,,,,,,,,,,,,,,,,,,,,,,,,,,,,,,,,,,,,,,,,,,,,,,,,,,,,,,,,,,,,,,,,,,,,,,,,,,,,,,,,,,,,,,,,,,,,,,,,,,,,,,,,,,,,,,,,,,,,,,,,,,,,,,,,,,,,,,,,,,,,,,,,,,,,,,,,,,,,,,,,,,,,,,,,,,,,,,,,,,,
976,1290,688,415,494,501,316,46,88,76,30,149,51,501,582,2,12,79,57,6,21,6,10,104,9,63,57,46,443,334,491,Pampanga,01/09/2023,11,,1,80,22,16,16,3,27,162,64,76,4,12,70,3,16,57,22,10,,,2,3,,2,3,,2,8,9,22,,10,9,223,1,,16,1,1,50,,10,3,7,8,50,,,,,3,1,,29,3,,1,,,1,1,,,,,1,,,,,,1,,,1,,1,6,,4,,6,4,8,,2,,,,,,,,,,,,,5,,,,,,3,,,,,,,,,,,1,,,,,,1,,1,,,,,,,,,,,,,,,,,,,,,,,,,,,,,,2,,,,,,,,,,,,,,,,,,,,1,,,,,,,,,,,,,,48,,,,,,,,,,,,,,,,,,,,,,,,,,,,,,,,,,,,,,,,,,,,,,,,,,,,,,,,,,,5,4,2,2,1,1,1,1,1,1,1,1,1,1,1,1,1,1,1,1,1,,,,,,,,,,,,,,,,,,,,,,,,,,,,,,,,,
1579,478,352,285,400,462,247,40,84,40,29,79,34,70,268,1,8,56,30,2,21,4,13,21,2,64,60,60,279,50,10,Pangasinan,01/09/2023,,3,3,48,11,5,6,3,32,49,22,42,,14,118,3,30,10,3,10,,,,1,2,,,3,,6,1,3,,4,6,3,,,4,,,,,8,3,5,,25,1,1,2,,2,,,10,1,,1,,1,,,,,,,,,,,,,,,,,,,10,,,,1,9,,,,,,,,,,,,,,,,2,,,,,,,,,,,,,,,,,,,,,,,,,,,,1,,,,,,,,,,,,,,,,,,,,,,,,,,,,,,,,,,,,,,,,,,,,,,,,,,,,,,,,,,,,,,,,,,,,,,,,,,,,,,,,,,,,,,,,,,,,,,,,,,,,,,,,,,,,,1,,,,,,,,,,,,,,,,,,,,,,,,,,,,,,,,1,,,,,,,,,,,,,,,,,,,,,,,,,,,,,,,,
1134,262,175,121,197,147,96,28,38,24,32,34,13,33,75,3,7,37,29,3,13,2,8,20,,11,26,35,89,4,6,Quezon,01/09/2023,1,1,11,20,16,2,1,8,4,12,3,39,1,8,37,3,,69,9,10,,,1,1,,1,,1,1,4,2,2,,2,3,3,1,1,2,,,,,1,1,1,1,4,,,,,,,1,,,,,,,,1,,,,,1,1,,,,,,,,,,,,,1,,5,,,,,,1,,2,,,,,,,,,,,,,,,,,1,,,,,,,,,,,,,,,,2,,,,,,,,,,,,,,,,,,,,,,,,,,,,,,,,,,,,,,,,,,,,,,,,,,,,,,,,,,,,,,,,,,,,,,,,,,,,,,,,,,,,,,,,,,,,,,,,,,,,,,,,,,,,,,,,,,,,,,,,,,,,,,,,,,,,,,,,,,,,,,,,,,1,1,1,,,,,,,,,,,,,,,,,,,,,,,,,,,,,
191,22,,32,13,1,3,,6,5,2,1,1,6,2,,1,1,,,1,1,3,,,2,7,4,1,14,1,Quirino,01/09/2023,,,,,,1,,,2,,1,,,1,,1,,,,,,,,,,,,,,,,,5,,,,1,,,,,,,,,2,,,,,,,,,,,,,,,,,,,,,,,,,,,,,,,,,,,,,,,,,,,,,,1,,,,,,,,,,,,,,,,,,,,,,,,,,,,,,,,,,,,,,,,,,,,,,,,,,,,,,,,,,,,,,,,,,,,,,,,,,,,,,,,,,,,,,,,,,,,,,,,,,,,,,,,,,,,,,,,,,,,,,,,,,,,,,,,,,,,,,,,,,,,,,,,,,,,,,,,,,,,,,,,,,,,,,,,,,,,,,,,,,,,,,,,,,,,,,,,,,,,,,,,,,,,,,,,,,
572,392,326,115,243,334,168,48,45,38,14,111,16,60,299,3,10,50,51,10,11,2,6,30,3,22,185,67,133,15,13,Rizal,01/09/2023,1,1,4,37,46,40,7,1,13,52,111,47,32,7,61,4,6,16,15,5,1,,1,2,1,1,1,2,1,9,6,3,9,3,12,10,2,,12,2,,29,,3,,4,7,20,2,,,,,,2,18,12,,1,,,,,,1,,,,,,,,,,,,,,,1,,6,,7,7,5,,2,,,,4,,,,,,,1,,1,,1,,,,,,,,,,,,,,,,,,,,,1,1,,,,,,,,,,,,,,,,,,,,,,,,,,,,,,,1,,,,1,,2,,,,,,,,,,,,,,,,,,,,,,,,,,,,,,,,,,,,,,,,,,,,,,,,,11,,,,,,,,,,,,,,,,,,,,,,,,,,,,,,,,,,,,,,,,,,,,,,,,,,,,,,,,,,,,,,,4,1,1,1,1,1,1,1,1,,,,,,,,,,,,,,,,,,,,
259,78,49,29,22,11,8,3,8,1,3,9,3,6,4,,2,8,3,2,5,,3,4,,2,7,11,9,2,2,Romblon,01/09/2023,1,,3,,1,,1,,2,2,,4,,1,9,1,,15,,1,,,,1,,,,4,,2,,,1,,,,,,1,,,,2,,,3,,,,,,,,,,,,,,,,,,,,,,,,,,,,,,,1,,,,,,,,,,,,,,,,,,,,,,,,,,,,,,,,,1,,,,,,,,,,,,,,,,,,,,,,,,,,,,,,,,1,,,,,,,,,,,,,,,,,,,,,,,,,,,,,,,,,,,,,,,,,,,,,,,,,,,,,,,,,,,,,,,,,,,,,,,,,,,,,,,,,,,,,,,,,,,,,,,,,,,,,,,,,,,,,,,,,,,,,,,,,,,,,,,,,,,,,,,,,,,,,,,,,,,,,,,,,,,,,,,,
960,121,49,87,53,43,42,24,21,21,17,16,5,15,27,,3,17,4,3,5,,1,15,1,13,64,28,27,7,9,Samar,01/09/2023,2,1,50,,10,3,5,1,3,5,1,18,,23,35,6,2,1,2,3,1,,,,,,1,2,,2,2,3,1,2,1,3,1,,2,,,4,,1,,,1,,,,,,,1,,,,,,,7,,,,1,,,,,,,,,,,,,,,2,,,,1,,,,,2,,,,,,,,,,,,,,,,,,,,,,,,,,,,,,,,,,,,,,,,,,,1,,,,,,,,,,,,,,,,,,,,,,1,,,,,,,,,,,,,,,,,,,,,1,,,,,,,,,,,,,,,,,,,,,,1,,,,,,,,,,,,,,,,,,,,,,,,,,,,,,,,,,,,,,,,,,,,,,,,,,,,,,,,,,,,,,,3,,,,,,,,,,,,,,,,,,,,,,,3,1,,,,,,,,,,,,,,,,,,
263,63,4,40,23,3,4,2,6,3,1,,,6,3,,1,6,,1,1,,2,1,,1,7,10,22,3,2,Sarangani,01/09/2023,1,,,,2,,,1,2,1,,1,1,,,2,1,,1,1,,,,,,,,,1,,,,,,,,,1,,,,,,,,1,,,,,,,,,1,,,,,,,,,,,,,,,,,,,,,,,,,,,,,,,,,,,,,,,,,,,,,,,,,,,,,,,,,,,,,,,,,,,,,,,,,,,,,,,,,,,,,,,,,,,,,,,,,,,,,,,,,,,,,,,,,,,,,,,,,,,,,,,,,,,,,,,,,,,,,,,,,,,,,,,,,,,,,,,,,,,,,,,,,,,,,,,,,,,,,,,,,,,,,,,,,,,,,,,,,,,,,,,,,,,,,,,,,,,,,,,,,,,,,,,,,,,,,,,,,,,,,,,
88,41,68,77,10,11,6,6,7,,5,5,1,4,18,,1,3,2,,,,,12,,1,1,13,12,9,,Siquijor,01/09/2023,1,,2,,5,,3,,1,1,,3,,,1,,3,2,16,1,2,,,,,,,,,4,,,2,,,,,1,1,,,,10,1,,,,,,,,,,,,,,,,,,,1,,,,,,,,,,,,,,,,,,,,,,,,,,,,,9,,,,,,,,,,,,,,,,,,,,,,,,,,,,,,,,,,,,,,,,,,,,,,,,,,,,,,,,,,,,,,,,,,,,,,,,,,,,,,,,,,,,,,,,,,,,,,,,,,,,,,,,,,,,,,,,,,,,,,,,,,,,,,,,,,,,,,,,,,,,,,,,,,,,,,,,,,,,,,,,,,,,,,,,,,,,,,,,,,,,,,,,,,,,,,,,,,,,,,,,,,,,,,,,,,
611,124,18,67,23,18,15,2,12,12,3,12,,5,15,2,,20,8,1,4,,,6,,6,9,11,17,45,3,Sorsogon,01/09/2023,,,5,1,2,,1,,18,,1,,,1,2,1,4,2,1,,,,,,,,,2,,,2,,,,,,,,,,,1,2,,,,,,,,,,,,,,,,,,,,,,,,,,,,,,,,,,,,,,,,,1,,,,,1,,,,,,,,,,,,,,,,,,,,,,,,,,,,,,,,,,,,,,,,,,,,,,,,,,,,,,,,,,,,,,,,,,,,,,,,,,,,,,,,,,,,,,,,,,,,,,,,,,,,,,,,,,,,,,,,,,,,,,,,,,,,,,,,,,,,,,,,,,,,,,,,,,,,,,,,,,,,,,,,,,,,,,,,,,,,,,,,,,,,,,,,,,,,,,,,,,,,1,1,,,,,,,,,,,,,,,,
596,203,182,118,127,61,68,17,28,14,17,33,7,34,124,,4,36,27,,13,,6,8,3,12,17,23,39,10,5,South Cotabato,01/09/2023,2,2,1,13,6,1,5,6,12,5,2,23,1,3,30,2,3,96,2,9,,,,,4,1,,,1,12,,1,,,,3,,,6,,,12,,2,,5,2,2,,1,,,,1,,4,,,,,,,,,1,,,,,,,,,,,,,,,,,1,,2,1,,1,,2,,,,,,,,,,,,1,,,,,,,,,,,,,,,,,,,,,,,,,,,,,,,,,,,,,,,,,,,,,,,,,,,,,,,,,,,,,,,,,,,,,,,,,,,,,,,,,,,,,,,,,,,,,,,,,,,,,,,,,,,,,,,,,,,,1,,,,,,,,,,,,,,,,,,,,,,,,,,,,,,1,,,,,,,,,,,,,1,,,,,,,,,,,,,,,,,,,,,,,,,,,1,1,,,,,,,,,,,,,,
452,177,76,80,44,50,32,3,21,21,10,23,5,11,27,4,2,19,9,7,5,1,1,6,,11,33,25,28,7,3,Southern Leyte,01/09/2023,1,2,6,6,8,2,1,4,4,4,,6,,1,15,3,3,6,2,,,,,1,,,,2,,4,,1,1,,,8,,,1,,,2,3,,,8,2,1,1,,,,,,,,,,,,,,,,,,,,,,,,,,,,,,,,,1,,2,,,,,,,,,,,,,,,,,,,,,,,,,,,,,,,,,,1,,,,,,,,,,,,,,,,,,,,,,,,,,,,,,,,,,,,,,,,,,,,,,,,,1,,,,,,,,,,,,,,,,,,,,,,,,,,,,,,,,,,,,,,,,,,,,,,,,,,,,,,,,,,,,,,,,,,,,,,,,,,,,,,,,,,,,,,,,,,,,,1,,,,,,,,,,,,,,,,,,,,,,,,,,,,,,,,,,,,,,,,,,
408,68,24,30,30,14,18,,8,5,5,8,1,5,2,,1,13,3,4,6,,2,1,,9,2,10,21,4,5,Sultan Kudarat,01/09/2023,2,,,4,1,,,,30,2,1,1,1,1,4,,,,3,1,,,,1,,,,,,,,,,,,,,,,,,,,,,,,,,,,,,,,,,,,,,,,,,,,1,1,,,,,,,,,,,,,,,,,,,1,,,,,,,,,,,,,,,,,,,,,,,,,,,,,,,,,,,,,,,,,,,,,,,,,,,,,,,,,,,,,,,,,,,,,,,,,,,,,,,,,,,,,,,,,,,,,,,,,,,,,,,,,,,,,,,,,,,,,,,,,,,,,,,,,,,,,,,,,,,,,,,,,,,,,,,,,,,,,,,,,,,,,,,,,,,,,,,,,,,,,,,,,,,,,,,,,,,,,,,,,,,,,,,,,,,,,,
101,36,4,7,2,2,4,,4,,1,,1,1,1,,,3,5,,,1,1,,,1,2,2,,,,Sulu,01/09/2023,,,5,,,,,,,,,,,,,,,,,6,,,,,,,,1,,1,,,,,,,,,,,,,,1,,,,,,,,,,,,,,,,,,,,,,,,,,,,,,,,,,,,,,,,,,,,,,,,,,,,,,,,,,,,,,,,,,,,,,,,,,,,,,,,,,,,,,,,,,,,,,,,,,,,,,,,,,,,,,,,,,,,,,,,,,,,,,,,,,,,,,,,,,,,,,,,,,,,,,,,,,,,,,,,,,,,,,,,,,,,,,,,,,,,,,,,,,,,,,,,,,,,,,,,,,,,,,,,,,,,,,,,,,,,,,,,,,,,,,,,,,,,,,,,,,,,,1,1,,,,,,,,,,,,
429,75,114,39,33,26,28,24,8,9,6,36,3,15,12,1,1,11,5,2,4,,1,22,,4,42,14,20,6,6,Surigao del Norte,01/09/2023,4,,31,2,6,2,1,1,8,3,2,11,,,37,2,5,,5,,,,,1,,,,1,,2,1,,1,1,,,,,3,,,,2,,1,3,2,3,,,,,,,14,,,,,,,2,1,,1,,,,,,,,,,,,1,,,,,1,,1,,,,,,,,,,,,,,,,,,,,,,,,,,,,,,,,,,,,,,,1,,,,,,,,,,,,,,,,,,,1,,,,,,,,,,,,,,,,,,,,,,,,,,,,,,,,,,,,,,,,,,,,,,,,,,,,,,,,,,,,,,,,,,,,,,,,,,,,,,,,,,,,,,,,,,,,,,,,,,,,,,,,,,,,,,,,,,,,,,,,,,,,,,,,,,,,,,,,,,,,,,,,,,,,,1,1,,,,,,,,,,
517,56,48,305,40,28,25,1,11,13,6,9,7,19,17,,1,6,10,2,6,2,1,3,,3,6,18,19,,14,Surigao del Sur,01/09/2023,,6,2,3,4,,3,2,2,3,,2,,,1,2,1,,,2,,,,,,,,,,8,3,,,,,3,,,,,1,1,,1,,,1,1,,,,,,,,,,,,,,,,,,,,,,,,,,,,,,,,,,1,,,,,,,,,,,,,,,,,,,,,,,,,,,,,,,,,,,,,,,,,,,,,,,1,,,,,,,,,,,,,1,,,,,,,,,,,,,,,,,,,,,,,,,,,,,,,,,,,,,,,,,,,,,,,,,,,,,,,,,,,,,,,,,,,,,,,,,,,,,,,,,,,,,,,,,,,,,,,,,,,,,,,,,,,,,,,,,,,,,,,,,,,,,,,,,,,,,,,,,,,,,,,,,,,,,,,1,,,,,,,,,
645,313,169,111,227,345,133,20,33,20,11,116,18,47,140,1,6,30,30,6,7,6,5,10,1,26,12,35,146,23,3,Tarlac,01/09/2023,,5,,20,36,7,2,2,11,36,4,14,,11,54,2,32,6,5,11,1,,1,,,,3,,,,1,,1,1,16,15,,,6,1,,6,,14,,3,2,10,3,,,,,6,1,7,,,,,1,,,,,,1,,,,,,,,,,1,,1,7,,,,,5,,,,,,,,,,,,,,,,1,,,,,,,,,,,,,,,,,,,,,,,,,,,,,,,1,,,,,,,,,,,,,,,,,,,,,,,,,,,,,,,,1,,,,,,,,,,,,,,,,,,,,,,,,,,,,,,,,,,,,,,,,,,,,,,,,,,,,,1,,,,,,,,,,,,,,,,,,,,,,,,,,,,,,,,,,,,,,,,,,,,,,,,,,,,,,,,,,,,,,,,,,,,,,,,,,,,,,,,,,,,,
211,52,7,7,,3,6,1,2,,,2,1,3,1,1,,4,1,,,,,,,2,2,3,2,,1,Tawi-Tawi,01/09/2023,1,,19,,,,,,,,,,,,9,,,,,,,,,,,,,1,,,,,,,,,,,,,,,,,,,,,,,,,,,,,,,,,,,,,,,,,,,,,,,,,,,,,,,,,,,,,,,,,,,,,,,,,,,,,,,,,,,,,,,,,,,,,,,,,,,,,,,,,,,,,,,,,,,,,,,,,,,,,,,,,,,,,,,,,,,,,,,,,,,,,,,,,,,,,,,,,,,,,,,,,,,,,,,,,,,,,,,,,,,,,,,,,,,,,,,,,,,,,,,,,,,,,,,,,,,,,,,,,,,,,,,,,,,,,,,,,,,,,,,,,,,,,,,,,,,,,,,,,,,,,,,,,,
364,215,144,53,87,53,48,35,25,16,14,34,6,25,105,1,1,18,19,4,8,,2,80,,5,12,25,38,17,14,Zambales,01/09/2023,,,9,9,8,26,3,2,3,10,1,7,1,1,20,1,2,1,12,3,1,,,,,,,,,2,2,1,7,4,5,1,,,3,,,4,1,,1,5,4,,,,,,,,,3,1,,,,,,,,,,,,,,,,,,,,,,,,,,,,1,1,,,,,,,,,,,,,,,,,,,,,,,,,,,,,,,,,,,,,,,,,,,,,,,,,,,,,,,,1,,,,1,,,,,,,,,,,,,,,,,,,,,,,,,,,,,,,,,,,,,,,,,,,,,,,,,,,,,,,,,,,,,,,,,,,,,,,,,,,,,,,,,,,,,,,,,,,,,,,,,,,,,,,,,,,,,,,,,,,,,,,,,,,,,,,,,,,,,,,,,,,,,,,,,,,,1,1,1,1,1,,,,
845,50,40,31,45,23,27,6,11,9,5,9,4,5,10,,,10,8,3,4,,4,12,,2,11,18,9,1,,Zamboanga del Norte,01/09/2023,,1,2,2,3,,1,,,2,,3,1,1,2,1,,5,1,2,,,2,,,,,1,,,,2,,,,,1,,1,,,,,,,1,1,,,,,,,,,,,,,,,,,,,,,,,,,,,,,,,,,,,,,,,,,,,,,,,,,,,,,,,,,,,,,,,,,,,,,,,,,,,,,,,,,,,,,,,,,,,,,,,,,,,,,,,,,,,,,,,,,,,,,,,,,,,,,,,,,,,,,,,,,,,,,,,,,,,,,,,,,,,,,,,,,,,,,,,,,,,,,,,,,,,,,,,,,,,,,,,,,,,,,,,,,,,,,,,,,,,,,,,,,,,,,,,,,,,,,,,,,,,,,,,,,,,,,,,,,,,,1,1,,
1097,129,85,85,96,74,78,69,47,14,10,20,7,24,70,2,4,28,23,,7,1,2,16,2,13,14,32,71,13,4,Zamboanga del Sur,01/09/2023,7,,6,10,7,4,2,,1,3,,18,,3,4,2,7,14,8,5,,,,,1,,,,2,,,2,,1,,1,,,3,,,,,1,1,1,,3,,,,,,,,,,,,,,,,,,,,,,,,,,,,,1,,,,,,,,,,,,,,,,,,,,,,,,,,,,3,,,,,,,,,1,,,,1,,,,,,,,,,,1,,,1,,,,,,,,,,,,,,,,,,,,,,,,,,,,,,,,,,,,,,,,,,,,,,,,,,,,,,,,,,,,,,,,,,,,,,,,,,,,,,,,,,,,,,,,,,,1,,,,,,,,,,,,,,,,,,,,,,,,,,,,,,,,,,,,,,,,,,,,,,,,,,,,,,,,,,,,,,,,,,,,,,,,,,,,,,1,1
486,17,7,12,17,4,5,,7,8,1,,2,1,,1,,2,1,,3,1,,,,3,2,6,3,1,,Zamboanga Sibugay,01/09/2023,,,1,,1,,,,,,,1,,,1,,,,2,,,,,,,,,,,,1,,,,,,,,,,,,,,,,,,,,,,,,,,,,,,,,,,,,,,,,,,,,,,,,,,,,,,,,,,,,,,,,,,,,,,,,,,,,,,,,,,,,,,,,,,,,,,,,,,,,,,,,,,,,,,,,,,,,,,,,,,,,,,,,,,,,,,,,,,,,,,,,,,,,,,,,,,,,,,,,,,,,,,,,,,,,,,,,,,,,,,,,,,,,,,,,,,,,,,,,,,,,,,,,,,,,,,,,,,,,,,,,,,,,,,,,,,,,,,,,,,,,,,,,,,,,,,,,,,,,,,,,,,,,,,,
1740,1833,4102,620,1075,3516,2928,596,341,229,205,1320,252,479,2894,22,66,245,311,40,102,41,21,462,50,241,327,266,1264,76,171,Metro Manila,01/09/2023,3,6,38,173,157,773,86,48,105,396,158,368,,62,241,12,83,180,105,125,7,,2,16,132,11,,6,2,95,10,106,24,42,61,68,16,7,75,19,1,482,0,39,64,4,16,145,7,2,3,12,2,39,15,437,74,,5,,19,0,26,,7,1,,8,1,,,,,4,,,5,,,10,,0,,179,54,19,46,15,1,,,8,,,,,,,87,,27,7,,,2,,,,,1,,,,,,,,4,0,,,1,1,3,11,7,,2,6,,,3,,,,2,1,,,,,1,,,,,1,,2,,,1,,1,,2,,,,4,,0,,,,,,,,,,,,,2,19,,,,,,,,,4,,,,,,,,,,6,,5,,,1,,,,,,,,,,,8,,,,,2,,,,,,,,,,,1,,,,,,,,,,,,,,,,,,,,1,,,,,,,,,,,,,1,,,,,,,,,,,,,,,,1,,,,2,,,,,,,,,,,,,,,,,,,2,,,
873,273,379,186,104,83,50,46,26,24,9,74,12,29,49,3,7,19,19,7,16,2,4,73,1,14,32,37,43,11,2,Palawan,01/09/2023,4,0,19,1,5,3,13,3,4,3,0,37,,0,36,7,1,12,17,3,0,,0,0,0,0,,4,1,6,1,8,2,3,1,4,1,1,1,0,0,5,37,4,1,9,7,1,0,0,0,0,0,0,0,0,0,,0,,0,7,6,,0,0,,1,0,,,,,0,,,1,,,0,,3,,0,0,0,0,0,2,,,3,,,,,,,0,,0,0,,,0,,,,,0,,,,,,,,0,1,,,0,0,0,0,0,,0,0,,,0,,,,0,0,,,,,0,,,,,0,,0,,,3,,0,,0,,,,0,,1,,,,,,,,,,,,,0,0,,,,,,,,,0,,,,,,,,,,0,,0,,,0,,,,,,,,,,,0,,,,,0,,,,,,,,,,,0,,,,,,,,,,,,,,,,,,,,1,,,,,,,,,,,,,0,,,,,,,,,,,,,,,,0,,,,2,,,,,,,,,,,,,,,,,,,0,,,
