yes,house,school,farm,roof,public,commercial,church,retail,farm_auxiliary,warehouse,college,stilt_house,hospital,civic,grandstand,Location,Date_Extracted,industrial,terrace,hotel,hut,university,transportation,residential,office,apartments,chapel,purok_center,service,construction,barn,cathedral,garages,purok center,meeting center,pavilion,shed,garage,stable,sports_hall,purok shade,sty,kindergarten,daycare,Rice_Mill,accommodation,no,houses,greenhouse,detached,damaged,yes;school,ruins,tank,stage,hospital grounds,church;yes,semidetached_house,train_station,hangar,dormitory,carport,Botique,storage_tank,religious,lighthouse,day care center,grocery store,bridge,bank,vulcanizing shop,mosque,silo,guardhouse,supermarket,pumping_station,hall,store,clubhouse,restaurant,manufacture,security_booth,temple,pagoda,parking,belfry,shop,Health Center,water_tank,bungalow,luxurious_hotel,bahay_laang,gazebo,basketball court,Power GenSet House,fire_station,Aqua Ardenta Purified Water,Cr,Mahacot East RWSA Office,basilica,toilets,DRRM OFFICE,covered court,government,cabin,gatehouse,cottage,wayside_shrine,monastery,store_shop,RFJ Construction and Trading,Health_Facility,Cattubo_Barangay_Hall,Cattubo MPC,stadium,museum,ngo,abandoned,pergola,kiosk,farmhouse,collapsed,Institution,institution,Government_Office,institutional,Trinidad RHU Building,tree_house,meetingpoint,airport_terminal,Government_Building,control_tower,administrative,cowshed,bunker,Sari Sari Shop,clinic,Kimkar Building,Elementary,Gymnasium,school_facility,business establishment,gymnasium,Grocery,Registry of Deeds,Gazebo,chicken_coop,rural,JL Farm Station,cell tower,resort,damage,tent,healthcare,residential;collapsed,power,tunnel,CAPSU President,day_care_center,dryer,sport,sports_centre,static_caravan,business,balcony,canopy,proposed,Zodiac Ville,shelter,mausoleum,Government Agency,court,inn,Bahay Pag-asa,Barngay hall,Multipurpose Cooperative,sup,government_office,Dialysis Clinic,Rizza Mae Fauni Dental Clinic,livestock,destroyed,entrance,tower,historic,Government,theatre,foundations,ground,repaired,Heritage House,outbuilding,Sarisari store,REACT_Philippines_Inc,Senior_Citizen_Building,Ubbos_Residence,place_of_worship,Health_Building,HMS_GW,hms_gw,military,canteen,ground_station,CPA Review Center,prison,"yes,_market","OSS, Alumni, HR, Records, Clinic",Knowledge Center,Der Mana Residences,semi,townhall,convent,facility,dock,Residential House,pharmacy,edificio,Local_Government_Property,Municipal_Hall,marketplace,factory,education,Lodge,brgytanodoutpost,kuboshed,daycarecenter,municipal court,nipahuthouse,scss,National Highway 2,jail facility,town plaza,Barangay Hall,Waiting Shed,bing,track,manor,PDEA_Regional_Office_VI,MORE_POWER_ILOILO,recreation_ground,Local_Government,Clustered,demolished,barangay hall,villa,duplex,cafe,Baranggay hall,covered,shrine,weather_station,seminary,kitchen,reconstructed,yesm,college_of_architecture_and_allied_discipline,"barber_shop,tacloban_city",COE,market,town_hall,path,NHA,boarding_house,classroom,center,Institutional,Water_Station,laboratory,parish shelter,Mixed_Use,truck,rectory,heath,Supply_Building,NO,gas_station,mall,commercial;retail,stilthouse,private property,retail;commercial,Santo Ni√±o Road,lounge,Guest_House,motel,Pigcawayan Municipal Gymnasium,over_water,BluVer,dome,motorway,power_substation,police,quarry,footway,Idelfonso Tuazon Street,water_tower,Unsure_-_please_check,allotment_house,tennis,multipurpose,Yakult,covered_court,Pineda Residence,public market,government office,convention hall,court house and office,Pantal Multipurpose Hall,RTA Building,convention and ciultural hall,bakehouse,townhouse,generic,Bakery,coastline,YSR Commercial Space,Vacant Lot,convenience,Covered_Court,funeral_hall,Taytay-San Juan,school canteen,active,bell_tower,goverment_building,Police_Station,container,pond,tourism,islet,RTWPB XII,Studio,gasoline_station,Chapel,branch,patio,pavillion,Reservoir,building across building,Checkpoint,Building across another building
37487,35916,1758,154,67,50,31,6,5,4,3,3,2,2,2,1,Abra,01/09/2023,,,,,,,,,,,,,,,,,,,,,,,,,,,,,,,,,,,,,,,,,,,,,,,,,,,,,,,,,,,,,,,,,,,,,,,,,,,,,,,,,,,,,,,,,,,,,,,,,,,,,,,,,,,,,,,,,,,,,,,,,,,,,,,,,,,,,,,,,,,,,,,,,,,,,,,,,,,,,,,,,,,,,,,,,,,,,,,,,,,,,,,,,,,,,,,,,,,,,,,,,,,,,,,,,,,,,,,,,,,,,,,,,,,,,,,,,,,,,,,,,,,,,,,,,,,,,,,,,,,,,,,,,,,,,,,,,,,,,,,,,,,,,,,,,,,,,,,,,,,,,,,,,,,,,,,,,,,,,,,,,,,,
66482,892,1537,,101,44,26,42,18,,12,6,,21,6,1,Agusan del Norte,01/09/2023,14,12,9,8,8,7,7,6,6,5,3,2,2,2,1,1,1,1,1,,,,,,,,,,,,,,,,,,,,,,,,,,,,,,,,,,,,,,,,,,,,,,,,,,,,,,,,,,,,,,,,,,,,,,,,,,,,,,,,,,,,,,,,,,,,,,,,,,,,,,,,,,,,,,,,,,,,,,,,,,,,,,,,,,,,,,,,,,,,,,,,,,,,,,,,,,,,,,,,,,,,,,,,,,,,,,,,,,,,,,,,,,,,,,,,,,,,,,,,,,,,,,,,,,,,,,,,,,,,,,,,,,,,,,,,,,,,,,,,,,,,,,,,,,,,,,,,,,,,,,,,,,,,,,,,,,,,,,,,,,,,,,,,,,,,,,,,,,,,,,,,,
10461,4204,1465,,119,100,56,24,20,1,3,2,,24,8,,Agusan del Sur,01/09/2023,11,,,3,8,3,650,13,2,3,,,,,,1,,,,15,5,3,1,1,1,1,1,1,,,,,,,,,,,,,,,,,,,,,,,,,,,,,,,,,,,,,,,,,,,,,,,,,,,,,,,,,,,,,,,,,,,,,,,,,,,,,,,,,,,,,,,,,,,,,,,,,,,,,,,,,,,,,,,,,,,,,,,,,,,,,,,,,,,,,,,,,,,,,,,,,,,,,,,,,,,,,,,,,,,,,,,,,,,,,,,,,,,,,,,,,,,,,,,,,,,,,,,,,,,,,,,,,,,,,,,,,,,,,,,,,,,,,,,,,,,,,,,,,,,,,,,,,,,,,,,,,,,,,,,,,,,,,,,,,,,,,,,,,,,,,,,,,,,,,,,,
86610,16716,1290,3,56,14,16,19,14,6,5,35,,33,8,1,Aklan,01/09/2023,4,10,24,38,40,5,15,1,45,10,,,,1,1,,,,,31,3,,,,,,,,9,4,2,2,1,1,1,1,1,1,1,1,1,,,,,,,,,,,,,,,,,,,,,,,,,,,,,,,,,,,,,,,,,,,,,,,,,,,,,,,,,,,,,,,,,,,,,,,,,,,,,,,,,,,,,,,,,,,,,,,,,,,,,,,,,,,,,,,,,,,,,,,,,,,,,,,,,,,,,,,,,,,,,,,,,,,,,,,,,,,,,,,,,,,,,,,,,,,,,,,,,,,,,,,,,,,,,,,,,,,,,,,,,,,,,,,,,,,,,,,,,,,,,,,,,,,,,,,,,,,,,,,,,,,,,,,,,,,,,,,,,,,,,,,,,,,,,,,,,,,,,,,,,,,
152917,10889,5277,1,87,13,228,32,19,2,9,23,,29,10,,Albay,01/09/2023,107,5,12,11,1,5,1633,25,9,27,,1,6,3,,,,,,19,5,,,,,2,,,,,,8,9,,,,,,,,,5,2,2,1,1,1,1,,,,,,,,,,,,,,,,,,,,,,,,,,,,,,,,,,,,,,,,,,,,,,,,,,,,,,,,,,,,,,,,,,,,,,,,,,,,,,,,,,,,,,,,,,,,,,,,,,,,,,,,,,,,,,,,,,,,,,,,,,,,,,,,,,,,,,,,,,,,,,,,,,,,,,,,,,,,,,,,,,,,,,,,,,,,,,,,,,,,,,,,,,,,,,,,,,,,,,,,,,,,,,,,,,,,,,,,,,,,,,,,,,,,,,,,,,,,,,,,,,,,,,,,,,,,,,,,,,,,,,,,,,,,,,,,,,,,
29113,5632,1481,,69,22,36,14,10,,6,,,15,10,,Antique,01/09/2023,59,33,,19,,,141,,100,6,,,5,,,,,,,22,,,,,,,,,,,,,1,,,,,,,,,,1,,,,,,1,,,,,,,,,,,,,,,,,,,,,,,,,,,,,,,,,,,,,,,,,,,,,,,,,,,,,,,,,,,,,,,,,,,,,,,,,,,,,,,,,,,,,,,,,,,,,,,,,,,,,,,,,,,,,,,,,,,,,,,,,,,,,,,,,,,,,,,,,,,,,,,,,,,,,,,,,,,,,,,,,,,,,,,,,,,,,,,,,,,,,,,,,,,,,,,,,,,,,,,,,,,,,,,,,,,,,,,,,,,,,,,,,,,,,,,,,,,,,,,,,,,,,,,,,,,,,,,,,,,,,,,,,,,,,,,,,,,
39808,180,1313,3,40,3,,,5,,,12,,6,,,Apayao,01/09/2023,1,,,,,,,,,,,,1,,,,,,,,,,,,,,,,,,,2,,,,,,,,,,,,,,,,,,,,,,,,,,,,,,,,,,,,,,,,,,,,,,,,,,,,,,,,,,,,,,,,,,,,,,,,,,,,,,,,,,,,,,,,,,,,,,,,,,,,,,,,,,,,,,,,,,,,,,,,,,,,,,,,,,,,,,,,,,,,,,,,,,,,,,,,,,,,,,,,,,,,,,,,,,,,,,,,,,,,,,,,,,,,,,,,,,,,,,,,,,,,,,,,,,,,,,,,,,,,,,,,,,,,,,,,,,,,,,,,,,,,,,,,,,,,,,,,,,,,,,,,,,,,,,,,,,,,,,,,,,,,,,,,,,,,
34937,2763,1093,6,38,16,34,20,29,1,1,11,,3,3,,Aurora,01/09/2023,4,,4,,,,72,10,1,1,,,,,,,,,,,,,,,,,,,,,,,,,,,,,,,,,,4,,,1,,,1,1,1,1,1,,,,,,,,,,,,,,,,,,,,,,,,,,,,,,,,,,,,,,,,,,,,,,,,,,,,,,,,,,,,,,,,,,,,,,,,,,,,,,,,,,,,,,,,,,,,,,,,,,,,,,,,,,,,,,,,,,,,,,,,,,,,,,,,,,,,,,,,,,,,,,,,,,,,,,,,,,,,,,,,,,,,,,,,,,,,,,,,,,,,,,,,,,,,,,,,,,,,,,,,,,,,,,,,,,,,,,,,,,,,,,,,,,,,,,,,,,,,,,,,,,,,,,,,,,,,,,,,,,,,,,,,,,,,,,
9121,114,1184,,10,17,3,3,15,,,,8,5,1,,Basilan,01/09/2023,9,3,,,,,,,,,,,,,1,,,,,,,,,,,,,,,,,,,,,,,,,,,,,,,,,,,,,,,,18,,,,,,,,,,,,,,,,,,,,,,,,,,,,,,,,,,,,,,,,,,,,,,,,,,,,,,,,,,,,,,,,,,,,,,,,,,,,,,,,,,,,,,,,,,,,,,,,,,,,,,,,,,,,,,,,,,,,,,,,,,,,,,,,,,,,,,,,,,,,,,,,,,,,,,,,,,,,,,,,,,,,,,,,,,,,,,,,,,,,,,,,,,,,,,,,,,,,,,,,,,,,,,,,,,,,,,,,,,,,,,,,,,,,,,,,,,,,,,,,,,,,,,,,,,,,,,,,,,,,,,,,,,,,,
158256,4878,1718,5,211,30,38,43,29,,4,9,,5,15,,Bataan,01/09/2023,93,238,3,,1,4,112,4,19,8,,1,2,,2,,,,,,2,,,,,,,,,,,,,,,,,,,,,,4,4,,,36,,,,,,,,,15,2,2,1,1,1,,,,,,,,,,,,,,,,,,,,,,,,,,,,,,,,,,,,,,,,,,,,,,,,,,,,,,,,,,,,,,,,,,,,,,,,,,,,,,,,,,,,,,,,,,,,,,,,,,,,,,,,,,,,,,,,,,,,,,,,,,,,,,,,,,,,,,,,,,,,,,,,,,,,,,,,,,,,,,,,,,,,,,,,,,,,,,,,,,,,,,,,,,,,,,,,,,,,,,,,,,,,,,,,,,,,,,,,,,,,,,,,,,,,,,,,,,,,,,,,,,,,,,,,,,,,,,,,,,,,,,,
5496,76,52,,,4,,3,,,,,,,,,Batanes,01/09/2023,,,,,,1,,,,1,,,,,,,,,,,,,,,,,,,,,,,,,,,,,,,,,,,,,,,,,,,,,,,,,,,,,,,,,,,,,,,,,,,,,,,,,,,,,,,,,,,,,,,,,,,,,,,,,,,,,,,,,,,,,,,,,,,,,,,,,,,,,,,,,,,,,,,,,,,,,,,,,,,,,,,,,,,,,,,,,,,,,,,,,,,,,,,,,,,,,,,,,,,,,,,,,,,,,,,,,,,,,,,,,,,,,,,,,,,,,,,,,,,,,,,,,,,,,,,,,,,,,,,,,,,,,,,,,,,,,,,,,,,,,,,,,,,,,,,,,,,,,,,,,,,,,,,,,,,,,,,,,,,,,,,,,,
584213,21107,3819,128,424,801,1455,130,336,12,66,31,,83,22,1,Batangas,01/09/2023,339,699,97,2,46,13,3869,71,143,100,,13,23,,1,,,,2,5,7,1,,,,1,,,,,,,3,,,2,,,,,,,2,6,6,,163,1,,,,,,,1,,1,5,,,1,10,3,3,2,2,2,2,1,1,1,1,1,1,1,1,1,1,1,1,1,1,1,1,1,1,,,,,,,,,,,,,,,,,,,,,,,,,,,,,,,,,,,,,,,,,,,,,,,,,,,,,,,,,,,,,,,,,,,,,,,,,,,,,,,,,,,,,,,,,,,,,,,,,,,,,,,,,,,,,,,,,,,,,,,,,,,,,,,,,,,,,,,,,,,,,,,,,,,,,,,,,,,,,,,,,,,,,,,,,,,,,,,,,,,,,,,,,,,,,,,,,,,,,,,,,,,,,,,,,,,,,,,,,,,,,,,,,,,,,,,,,,,,,,
129829,4534,2526,7,442,48,497,76,52,8,39,26,,37,12,6,Benguet,01/09/2023,53,31,43,19,62,,14006,43,111,13,,4,32,1,2,,,,1,70,27,1,,,4,4,,,,,,81,3,,,2,,,,,,,,11,,,5,,,,,1,,,1,,26,,,,,,1,,,,,,,,,,,,,,,,,,,,,9,,,104,10,6,4,2,2,2,1,1,1,1,1,1,1,1,1,1,,,,,,,,,,,,,,,,,,,,,,,,,,,,,,,,,,,,,,,,,,,,,,,,,,,,,,,,,,,,,,,,,,,,,,,,,,,,,,,,,,,,,,,,,,,,,,,,,,,,,,,,,,,,,,,,,,,,,,,,,,,,,,,,,,,,,,,,,,,,,,,,,,,,,,,,,,,,,,,,,,,,,,,,,,,,,,,,,,,,,,,,,,,,,,,,,,,,,,,,,,,,,,,,,,,,,,,,,,,,,
19049,15169,930,11,7,14,17,3,11,,2,,,1,2,2,Biliran,01/09/2023,1,,,10,,1,235,1,,9,,,1,,,,,,,,,,,,,,,,,,,,,,,,,,,,,,,,,,,,,,,,,,,,,,,,,,,,,,,,,,,,,,,,,,,,,,,,,,,,,,,,,,,,,,,,,,,3,1,,,,,,,,,,,,,,,,,,,,,,,,,,,,,,,,,,,,,,,,,,,,,,,,,,,,,,,,,,,,,,,,,,,,,,,,,,,,,,,,,,,,,,,,,,,,,,,,,,,,,,,,,,,,,,,,,,,,,,,,,,,,,,,,,,,,,,,,,,,,,,,,,,,,,,,,,,,,,,,,,,,,,,,,,,,,,,,,,,,,,,,,,,,,,,,,,,,,,,,,,,,,,,,,,,,,,,,,,,,
137971,4897,4397,,146,128,85,76,62,,14,4,1,27,51,1,Bohol,01/09/2023,29,5,25,2,5,7,3633,15,14,96,,1,16,,2,,,,,106,22,,1,,11,3,,,,1,,17,1,,,,,,,,,,1,3,,,,,,,,,,,,,1,1,,,,,,,,4,,1,,,,,,,,,,,1,,,,,1,,,,1,,1,,,,,,,,1,,,,,,,,8,2,2,2,1,1,1,1,1,1,1,,,,,,,,,,,,,,,,,,,,,,,,,,,,,,,,,,,,,,,,,,,,,,,,,,,,,,,,,,,,,,,,,,,,,,,,,,,,,,,,,,,,,,,,,,,,,,,,,,,,,,,,,,,,,,,,,,,,,,,,,,,,,,,,,,,,,,,,,,,,,,,,,,,,,,,,,,,,,,,,,,,,,,,,,,,,,,,,,,,,,,,,,,,,,,,,,,,,,,,,,,,,,,,,
90874,1520,1408,,115,75,47,44,39,6,9,5,,24,6,2,Bukidnon,01/09/2023,74,9,2,22,,3,720,23,5,6,,3,8,1,,,,,2,6,2,,,,,1,,,,,,1,,,,,,,,,,,,4,1,,1,,,,,,,,,2,1,2,,,,,,1,,,,,,,,,,,,,,,,,,,,,,,,4,,,,,,,,,,,,,,,,,,,,,,,,,,,,,7,1,,,,,,,,,,,,,,,,,,,,,,,,,,,,,,,,,,,,,,,,,,,,,,,,,,,,,,,,,,,,,,,,,,,,,,,,,,,,,,,,,,,,,,,,,,,,,,,,,,,,,,,,,,,,,,,,,,,,,,,,,,,,,,,,,,,,,,,,,,,,,,,,,,,,,,,,,,,,,,,,,,,,,,,,,,,,,,,,,,,,,,,,,,,,,,,,,,,,,,,,,,,,,,
59517,34567,3208,58,622,91,405,127,193,167,149,47,,52,44,,Bulacan,01/09/2023,553,1444,4,42,40,3,298,22,313,77,,2,30,13,1,2,,,1,13,35,,,,,1,,,,,,3,88,,,8,,,,,9,5,1,5,1,,2,,,,,,,,,,17,1,,,,6,,1,1,,,,,,,,2,,,1,,,,,,,,1,,,1,,,,,,,,,,,3,1,,3,,,,,,,,,,,,,,,,,,1,1,1,1,1,1,,,,,,,,,,,,,,,,,,,,,,,,,,,,,,,,,,,,,,,,,,,,,,,,,,,,,,,,,,,,,,,,,,,,,,,,,,,,,,,,,,,,,,,,,,,,,,,,,,,,,,,,,,,,,,,,,,,,,,,,,,,,,,,,,,,,,,,,,,,,,,,,,,,,,,,,,,,,,,,,,,,,,,,,,,,,,,,,,,,,,,,,,,,,,,,,,,,,,,,,
344986,5161,5861,2,185,23,18,21,24,2,5,2,,20,4,,Cagayan,01/09/2023,11,,3,1,12,2,153,6,90,4,,2,161,1,1,,,,,39,1,,,,,,,,,,,,19,2,,,,,,,1,,,2,,,,,,,,,,,,,,,,,,,,,,,,,,,,,,,,,,,,,,,,1,,,,,,,,,,,,,,,,,,,,,,,,,,,,,,,,,,,,,,,,,2,1,1,1,1,,,,,,,,,,,,,,,,,,,,,,,,,,,,,,,,,,,,,,,,,,,,,,,,,,,,,,,,,,,,,,,,,,,,,,,,,,,,,,,,,,,,,,,,,,,,,,,,,,,,,,,,,,,,,,,,,,,,,,,,,,,,,,,,,,,,,,,,,,,,,,,,,,,,,,,,,,,,,,,,,,,,,,,,,,,,,,,,,,,,,,,,,,,,,,,,,,,
40260,1712,2243,,57,8,23,31,5,6,8,25,,5,10,,Camarines Norte,01/09/2023,5,,1,9,,1,231,5,5,4,,,1,,,,,,,,3,,,,,,,,,,,,,,,1,,,,,,,,,,,,,,,,,,,,,,,,,,,,,,,,,,,,,,,,,,,,,,,,,,,1,,,,,,,,,,,,,,,,,,,,,,,,,,,,,,,,,,,,,,,,,,,,,,,,,,,,,,,,,,,,,,,,,,,,,,,,,,,,,,,,,,,,,,,,,,,,,,,,,,,,,,,,,,,,,,,,,,,,,,,,,,,,,,,,,,,,,,,,,,,,,,,,,,,,,,,,,,,,,,,,,,,,,,,,,,,,,,,,,,,,,,,,,,,,,,,,,,,,,,,,,,,,,,,,,,,,,,,,,,,,,,,,,,,,,,,,,,,,,
68256,3583,8981,2,148,49,36,62,59,26,,45,,23,13,7,Camarines Sur,01/09/2023,43,,2,1,27,9,341,5,4,19,,3,1,1,,,,,1,2,3,,,,,,,,,,,,,,,7,,,,,,3,,1,,,,,,,,,,,,,,,,,,,,,,,,,,,,,,,,,,,,,,,,,,,,,,,,,,,,,,,,,1,,,,,,,,,,,,,,,,,,,,,,,,,,,,,33,2,1,1,,,,,,,,,,,,,,,,,,,,,,,,,,,,,,,,,,,,,,,,,,,,,,,,,,,,,,,,,,,,,,,,,,,,,,,,,,,,,,,,,,,,,,,,,,,,,,,,,,,,,,,,,,,,,,,,,,,,,,,,,,,,,,,,,,,,,,,,,,,,,,,,,,,,,,,,,,,,,,,,,,,,,,,,,,,,,,,,,,,,,,,,,,,,,,,
7513,5792,248,,12,7,3,4,3,,2,,,3,,,Camiguin,01/09/2023,,,1,,,2,2,1,,2,,1,1,,,,,,,1,1,,,,,,,,,,,,,,,,,,,,,,,,,,,,,,,,,,,,,,,,,,,,,,,,,,,,,,,,,,,,,,,,,,,,,,,,,,,,,,,,,,,,,,,,,,,,,,,,,,,,,,,,,,,,,,,,,5,,,,,,,,,,,,,,,,,,,,,,,,,,,,,,,,,,,,,,,,,,,,,,,,,,,,,,,,,,,,,,,,,,,,,,,,,,,,,,,,,,,,,,,,,,,,,,,,,,,,,,,,,,,,,,,,,,,,,,,,,,,,,,,,,,,,,,,,,,,,,,,,,,,,,,,,,,,,,,,,,,,,,,,,,,,,,,,,,,,,,,,,,,,,,,
98199,3334,975,,31,9,89,27,10,1,4,1,,4,12,5,Capiz,01/09/2023,16,69,1,109,1,1,473,4,2,14,,,8,,1,,,,1,127,,,,,1,1,,,,1,,,,1048,,3,,,,,,,1,,,,,,,,,2,,,,,2,,,,,,,,,,,,,,,,,,,,,,,,,,,,,,1,,,,,,,,,,,,,,,,,,1826,,,,,,,,,,,,,,,,,,,,,,,,,,,,,,20,6,3,1,1,1,1,1,1,,,,,,,,,,,,,,,,,,,,,,,,,,,,,,,,,,,,,,,,,,,,,,,,,,,,,,,,,,,,,,,,,,,,,,,,,,,,,,,,,,,,,,,,,,,,,,,,,,,,,,,,,,,,,,,,,,,,,,,,,,,,,,,,,,,,,,,,,,,,,,,,,,,,,,,,,,,,,,,,,,,,,,,,,,,,,,,,,,,,,
56556,805,546,,16,15,37,11,16,,2,9,,2,5,,Catanduanes,01/09/2023,2,,1,2,,2,48,2,1,5,,3,3,,1,,,,,11,3,,,,,,,,,,,,,,,5,,,,,,,,1,,,,,,,,,,,,,,,,,,,,,,,,,,,,,,,,,,,,,,,,,,,,,,,,,,,,,,,,,,,,,,,,,,,,,,,,,1,,,,,,,,,,,,,,,,,,,,,,,,,,,,,,,,,,,,,,,,,,,,,,,,,,,,,,,,,,,,,,,,,,,,,,,,,,,,,,,,,,,,,,,,,,,,,,,,,,,,,,,,,,,,,,,,,,,,,,,,,,,,,,,,,,,,,,,,,,,,,,,,,,,,,,,,,,,,,,,,,,,,,,,,,,,,,,,,,,,,,,,,,,,,,,,,,,,,,,,,,,,,,,,
138962,486465,3451,47,1173,288,1736,262,1341,6,270,88,,122,46,5,Cavite,01/09/2023,2304,26707,55,18,177,10,27864,60,469,66,,13,122,15,1,2,,,2,28,62,,27,,,2,,,,,,170,8,244,,13,,,,,46,,34,7,,,13,,,,,2,,,4,,50,8,,1,,17,,11,3,1,,1,,,,,,,,1,,,1,,,,,1,,,1,,13,,,,,,,,,1,,,1,,11,,,,,,,,,,,,,,2,,,3,,,,,,,,,,,,,,,,33,,,,,,,,6,2,2,2,1,1,1,1,1,1,1,1,1,1,1,1,1,1,1,1,,,,,,,,,,,,,,,,,,,,,,,,,,,,,,,,,,,,,,,,,,,,,,,,,,,,,,,,,,,,,,,,,,,,,,,,,,,,,,,,,,,,,,,,,,,,,,,,,,,,,,,,,,,,,,,,,,,,,,,,,,,,,,,,,,,,,,,,,,,,,,,,,,,,,,,,,,,,,,,,,
172465,8264,7917,7,856,531,364,115,279,4,30,37,,67,103,3,Cebu,01/09/2023,418,443,77,31,166,18,626,84,133,106,,1,45,10,1,2,,,,55,9,1,,,,3,,,,8,,,7,2303,,10,,,,,,,76,16,,,4,,1,,,,,,,4,,4,,1,1,,,2,,,,1,,,,,,,,,,,,,,,,,,,2,,,,,,,,,,,2,,,1,,,,4369,,,,,,,,,,,,,1,,,,,,,,,,,,,,,,,1,9,,,,,,,,,,,,,,,,,,,,,,,,,1,,,113,16,2,2,2,2,1,1,1,1,1,1,1,1,1,1,,,,,,,,,,,,,,,,,,,,,,,,,,,,,,,,,,,,,,,,,,,,,,,,,,,,,,,,,,,,,,,,,,,,,,,,,,,,,,,,,,,,,,,,,,,,,,,,,,,,,,,,,,,,,,,,,,,,,,,,,,,,,,,,,,,,,,,,,,,,,,,,,
11977,86,2002,,190,77,15,25,57,2,2,1,,11,1,1,Compostela Valley,01/09/2023,11,,2,,,2,1005,8,,1,,,,,,,,,,5,,,,,1,2,,,,,,,,,,,,,,,,,4,,,,1,,,,,,,,,,,,,,,,,,,,,,,,,,,,,,,,,,,,,1,,,,,,,,,,,,,,,,,,,,,,,,,,,,,,,,,,,,,,,,,,,,,,,,,,,,,,,,,,,,,,,,,,,,,,,,,,,,,,,,,,,,,,,,,,,,,,,,1,,,,,,,,,,,,,,,,,,,,,,,,,,,,,,,,,,,,,,,,,,,,,,,,,,,,,,,,,,,,,,,,,,,,,,,,,,,,,,,,,,,,,,,,,,,,,,,,,,,,,,,,,,,,,,,,,,,,,,,,,,,,,,,,,,,,,,,,,,,,,,,,
229292,3010,1345,3,229,105,64,57,53,11,8,6,3,10,,3,Davao del Norte,01/09/2023,68,,3,6,5,6,200,11,207,8,,,9,1,,,,,5,43,7,,3,,,3,,,,,,,,,,13,,,,,,,2,,,,,,,,,,,,3,,1,,,,,,1,,,,,,,,,,1,,,,,,,,,,,2,,,,,,,,,,,,,,,,,,,,,,,,,,,,,,1,,,,,,,,,,,,,,,,,,,,,,,,,,,,,,,,,,,,,,,,,,,,,,,,,,,,,,,,,,,,,,,,,,,1,,,,,,,,,,,,,,,,,,,,,,,,,,,,,,,,,,,,,,,,,,,,,,,,,,,,,,,,,,,,,,,,,,,,,,,,,,,,,,,,,,,,,,,,,,,,,,,,,,,,,,,,,,,,,,,,,,,,,,,,,,,,,,,,,,,,,,,,,,,,,,,
112193,12046,2933,4,790,349,872,122,307,43,58,12,4,35,4,6,Davao del Sur,01/09/2023,599,3,36,14,18,1,350,169,150,62,,14,57,1,2,1,,,,3,73,,2,,,6,,,,1,,13,44,,,,,,,,2055,,1,6,,,2,,,,,1,,,10,4,4,,,,,1,,,,2,,1,,,,,,,,,,,,,,,,9,,,2,,,,1,1,,,,,,3,2,,,,,,,,,,,,1,,,,,,,,,,,,,,,,,,,,,,,,,13,,,,,,,,,,,,,,,,,,,,,,,,,,,,4,,,,,,,,,,,,,,,,,,3,3,2,1,1,1,1,1,1,1,1,1,1,,,,,,,,,,,,,,,,,,,,,,,,,,,,,,,,,,,,,,,,,,,,,,,,,,,,,,,,,,,,,,,,,,,,,,,,,,,,,,,,,,,,,,,,,,,,,,,,,,,,,,,,,,,,,,,,,,,,,,,,,,,,,,,,,,
3950,27,1950,,222,54,10,31,14,,1,3,,6,,,Davao Oriental,01/09/2023,6,,,7,,3,2,6,,4,,1,2,,,,,,,1,,,,,,1,,,,,,,,,,,,,,,,,,1,,,,,2,,,1,,,4,,,,,,,,,,,,,,,,,,,,,,,,1,,,,,,,,1,,,,,,,,,,,,,,,,,,,,,,,,,,,,,,,,,,,,,,,,,,,,,,,,,,,,,,,,,,,,,,,,,,,,,,,,,,,,,,,,,,,,,,,,,,,,,,,,,,,,,,,,,,,,1,1,,,,,,,,,,,,,,,,,,,,,,,,,,,,,,,,,,,,,,,,,,,,,,,,,,,,,,,,,,,,,,,,,,,,,,,,,,,,,,,,,,,,,,,,,,,,,,,,,,,,,,,,,,,,,,,,,,,,,,,,,,,,,,,,
10849,257,343,,16,12,2,2,,,,,13,,1,,Dinagat Islands,01/09/2023,,,,,,2,70,,,,,1,,,,,,,,,,,,,,,,,,,,,,,,,,,,,,,,,,,,,,,,,,,,,,,,,,,,,,,,,,,,,,,,,,,,,,,,,,,,,,,,,,,,,,,,,,,,,,,,,,,,,,,,,,,,,,,,,,,,,,,,,,,,,,,,,,,,,,,,,,,,,,,,,,,,,,,,,,,,,,,,,,,,,,,,,,,,,,,,,,,,,,,,,1,,,,,,,,,,,,,,,,,,,,,,,,,,,,,,,,,,,,,,,,,,,,,,,,,,,,,,,,,,,,,,,,,,,,,,,,,,,,,,,,,,,,,,,,,,,,,,,,,,,,,,,,,,,,,,,,,,,,,,,,,,,,,,,
86715,6857,1286,1,80,84,27,55,11,4,2,1,,11,22,,Eastern Samar,01/09/2023,15,12,,21,,1,546,1,4,42,,10,7,1,,,,,,4,4,,,,,1,,,,,,1,,104,,1,,,,,,,,,,,,1,1,,,,,,,,,,,,,,,,,1,,,,,,,,,,,,,,,,,,,,,,,,,,,,,,,,,,,,,,,3965,,,,,,,,,,,,,,,6,,,,,,,,,,,,,,,,,,,,,,,,,,,,,,,,,,,,,,,,,,,,,,,,,,,,,,,,,,,,,,,,,,,,,,,,,,,,,,34,2,1,1,1,1,,,,,,,,,,,,,,,,,,,,,,,,,,,,,,,,,,,,,,,,,,,,,,,,,,,,,,,,,,,,,,,,,,,,,,,,,,,,,,,,,,,,,,,,,,,,,,,,,,,,,,,,,,,,,,,,,,,,,,,,,
5858,273,740,,30,3,12,8,2,3,1,,,5,17,,Guimaras,01/09/2023,4,,,2,1,1,7,1,,3,,,,,,,,,1,29,2,,,,,,,,,,,,,,,,,,,,,,,,,,,,,,,,,,,,,,,,,,,,,,,,,,,,,,,,,,,,,,,,,,,,,,,,,,,,,,,,,,,,,,,,,,,,,,,,,,,,,,,,,,,,,,,,,,,,,,,,,,,,,,,,,,,,,,,,,,,,,,,,,,,,,,,,,,,,,,,,,,,,,,,,,,,,,,,,,,,,,,,3,1,,,,,,,,,,,,,,,,,,,,,,,,,,,,,,,,,,,,,,,,,,,,,,,,,,,,,,,,,,,,,,,,,,,,,,,,,,,,,,,,,,,,,,,,,,,,,,,,,,,,,,,,,,,,,,,,,,,,,,,
22336,1672,1454,,22,6,39,5,5,1,1,,,1,3,,Ifugao,01/09/2023,33,,1,40,2,,2,,3,1,,,,,,,,,,7,2,,,,,,,,,,,,,,,,,,,,,,,,,,,,,,,,,,,,,,,,,,,,,,,,,,,,,,,,,,,,,,,,,,,,,,,,,,,,,,,,,,,,,,,,,,,,,,,,,,,,,,,,,,,,,,,,,,,,,,,,,,,,,,,,,,,,,,,,,,,,,,,,,,,,,,,,,,,,,,,,,,,,,,,,,,,,,,,,,,,,,,,,,1,,,,,,,,,,,,,,,,,,,,,,,,,,,,,,,,,,,,,,,,,,,,,,,,,,,,,,,,,,,,,,,,,,,,,,,,,,,,,,,,,,,,,,,,,,,,,,,,,,,,,,,,,,,,,,,,,,,,,,
172256,3979,3239,,97,37,64,20,14,,2,1,,5,10,,Ilocos Norte,01/09/2023,1,,2,5,2,,30,2,6,1,,,,3,,,,,,12,4,1,,,5,,,,,,,,,,,,,,,,,,,,,,2,,,,,,,,1,,,,,,,,,,,,,,,,,,,,,,,,,,,,,,,,3,,,,,,,,,,,,,,,,,,1,,,,,,,,,,,,,,,,,,,,,,,,,,,,,,,,,,,,,,,,,,,,,,,,,,,,,,,,,,,,,,,,,,,,,,,,,,,,,,,,,,,,,,,,,,,,,,,,,,,,,,1,1,1,1,1,1,,,,,,,,,,,,,,,,,,,,,,,,,,,,,,,,,,,,,,,,,,,,,,,,,,,,,,,,,,,,,,,,,,,,,,,,,,,,,,,,,,,,,,,,,,,,,,,,,,,,,,,,,,,,,,,,
73304,94235,3812,5,146,35,80,35,33,1,2,1,,13,7,1,Ilocos Sur,01/09/2023,9,,4,,1,,97,2,23,9,,,,,1,,,,,3,1,,,,,,,,,,,1,,,,1,,,,,,,,1,,,,,,1,,,,,,1,,,,,,,,,,,,,,,,,,,,,,,,,,,,,,,,,,,,,,,,,,,,,,,,,,,,,,,,,,,,,,,,,,,,,,,,,,,,,,1,,,,,,,,,,,,,,,,,,,,,,,,,,,,,,,,,,,,,,,,,,,,,,,,,,,,,,,,,,,,,,,,,,,,,,,,,,,,,,,4,1,1,1,1,,,,,,,,,,,,,,,,,,,,,,,,,,,,,,,,,,,,,,,,,,,,,,,,,,,,,,,,,,,,,,,,,,,,,,,,,,,,,,,,,,,,,,,,,,,,,,,,,,,,,,,,,,,
161900,10572,5848,21,360,60,390,141,112,11,125,20,,73,95,5,Iloilo,01/09/2023,147,652,21,14,66,5,3702,24,1225,49,,5,23,,1,,,,5,167,17,1,,,1,3,,,,,,22,4,35,,5,,,,,1,,2,18,,,23,,,,,1,,,,1,2,2,,1,,,,1,7,1,,3,,,,,,,,,,,1,,,,,,,,1,,,,,1,,,,,,1,,,1,,,,11,,,,,,2,,,,,,,,,,,,,,,,,,,,,,,,,50,,,,,,,,,,,,,,,,,,,,,,,,,,,,,,,,,2,,,,,,,,,,,,,,,,,,,,,,,,,,,,,,,,,,,,3,,,,,,,,,,,,,144,2,1,1,1,1,1,,,,,,,,,,,,,,,,,,,,,,,,,,,,,,,,,,,,,,,,,,,,,,,,,,,,,,,,,,,,,,,,,,,,,,,,,,,,,,,,,,,,,,,,,,,,,,,,,,,,
361412,2210,8119,,246,17,7,29,23,13,20,34,,13,9,,Isabela,01/09/2023,38,,2,4,29,4,104,5,7,3,,,73,2,1,,,,,4,9,,,,,,,,,,,60,7,,,1,,,,,,,,,,,,,,,,,,,,,,,,,,,,1,,,,,,,,,,,,,,,,,,,,,,,,5,,,,,,,,,,1,,,,,,,,,,,,,,,,,,,,,,,,,,,,,,,,,,,,,,,,,,,,,,,,,,,,,,,,,,,,,,,,,,,,,,,,,,,,,,,,,,,,,,,,,,,,,,,,,,,,,,,,,,,,,,,,,,,,,,,,,,,,,,,1,,,,,,,,,,,,,,,,,,,,,,,,,,,,,,,,,,,,,,,,,,,,,,,,,,,,,,,,,,,,,,,,,,,,,,,,,,,,,,,,,,,,,,,,,,,,,,,,,,,
17341,60,1860,,30,,2,1,2,,1,,,4,2,,Kalinga,01/09/2023,,,,,,,,2,,,,,,,1,,,,,,,,,,,,,,,,,,,,,,,,,,,,,,,,,,,,,,,,,,,,,,,,,,,,,,,,,,,,,,,,1,,,,,,,,,,,,,,,,,,,,,,,,,,,,,,,,,,,,,,,,,,,,,,,,,,,,,,,,,,,,,,,,,,,,,,,,,,,,,,,,,,,,,,,,,,,,,,,,,,,,,,,,,,,,,,,,,,,,,,,,,,,,,,,,,,,,,,,,,,,,,,,,,,,,,,,,,,,,,,,,,,,,,,,,,,,,,,,,,,,,,,,,,,,,,,,,,,,,,,,,,,,,,,,,,,,,,,,,,,,,,,,,,,,,,,,,,,,,,,,,,,,,,
50761,34089,3097,,218,46,428,48,17,,9,25,,47,17,,La Union,01/09/2023,125,,10,1,2,,1425,7,14,5,,,4,,1,,,,,6,1,,,,,2,,,,,,,,,,,,,,,,,,,,,,,,,,,,,,,2,,,,,,,,,2,,,,,,,,,,,,,,,,,,1,,,6,,,,,,,,,,,,,,,,,,,,,,,,,,,,,,,,,,,,,,,,,,,,,,,,,,,,,,,,,,,,,,,,,,,,,,,,,,,,,,,,,,,,,,,,,,,,,,,,,,,,,,,,,,,,,,,,,,,,,,,,,,,,,,,,,,,,,,,,,,,,,,,,,,,,,,,,,,,,,,,,,,,,,,,,,,,,,,,,,,,,,,,,,,,,,,,,,,,,,,,,,,,,,,,,,,,,,,,,,,,,,,,,,,,,,,,,,,,,,
106205,24933,3481,8,724,235,430,167,263,3,81,45,4,78,54,,Laguna,01/09/2023,1151,460,9,12,73,7,2519,39,142,83,,8,26,,1,1,,,,6,6,4,,,7,4,,,,2,,40,8,,,,,,,,2,9,,63,,,1,,,,,,,,3,,3,6,,,,43,,5,,1,,1,,1,,,,,,1,,,,,,,,2,,,,,1,,,,,,,,,,,,19,,,,2,,,,,,,,,,,,,,,,,,,,,,,,,,,,,,,,,,,,,,,,,,,,,,,,,,,,,,,,,,,,1,,,,,,,,,,,,,,,,,,,,,,,,,,,,,1,,,,,,,,,,2,,,,,,,,,,,,,,,,,,,,,,2,1,1,1,1,1,1,1,1,,,,,,,,,,,,,,,,,,,,,,,,,,,,,,,,,,,,,,,,,,,,,,,,,,,,,,,,,,,,,,,,,,,,,,,,,,,,,,,,,,,,,,,,,,
38092,24,3683,,120,63,21,25,22,,8,27,,16,2,1,Lanao del Norte,01/09/2023,17,,,,,3,4940,5,4,6,,,,,1,,,,,62,1,,,,,1,,,,,,,,,,,,,,,,,,,,,,,,,,,,,17,,,,,,,,,,,,,,,,,,,,,,,,,,,,,,,,,,,,,,,,,,,,,,,,,,,,,,,,,,,,,,,,,,,,,,,,,,,,,,,,,,,,,,,,,,,,,,,,,,,,,,,,,,,,,,,,,,,,,,,,,,,,,,,,,,,,,,,,,,,,,,,,,,,,,,,,,,,,,,,,,,,,,,,,,,,,,,,,,,,,1,,,,,,,,,,,,,,,,,,,,,,,,,,,,,,,,,,,,,,,,,,,,,,,,,,,,,,,,,,,,,,,,,,,,,,,,,,,,,,,,,,,,,,,,,
33941,78,475,,37,16,6,14,12,,2,9,,2,,1,Lanao del Sur,01/09/2023,1,,2,,13,1,1,1,,,,,,,,,,,,1,,,,,,,,,,,,,48,,,,,,,,,,,3,,,,,,,,,,,50,,,,,,,,,,,,,,,,,,,,,,,,,,,,,,,,3,,,,,,,,,,,1,,,,,,,,,,,,,,,,,,,,,,,,,,,,,,,,,,,,,,,,,,,,,,,1,,,,,,,,,,,,,,,,,,,,,,,,,,,,,,,,,,,,,,,,,,,,,,,,,,,,,,,,,,,,,,,,,,,,,,,,,,,,,,,,,,,,,,,,,,,,,,,,,,,,,,,,,,,,,,,,,,,,,,,,,,,,,,,,,,,,,,,,,,,,,,,,,,,,,,,,,,,,,,,,,,,,,,,,,,,,,,,,,,,
247096,82071,3369,1025,223,221,970,89,67,3,74,1,,28,242,4,Leyte,01/09/2023,192,9,40,368,55,9,1087,17,56,110,,6,828,4,1,1,,,,218,186,,,,1,1,,,,2,,4,32,10525,,330,,,,,,,,37,,,1,,,,,,,,,,4,,,,,,1,1,1,,,1,,,,,,,,,,,,,,,,,,,,8,,,,1,,,,,,,,,,,,,18455,,,,,,,,,1,,,,,,1,,,,,,1,,,,,,,,,,,,,,,,,,,,,,,,,,1,,,,,,,,,,,,,255,,,,,,,,,,,,,,,,,,,,,,,,,,,,,,,,,,,,,,,,,,,,,,,,,,,,,,,,,,,,,,,,,,,,,,,332,1,1,1,1,1,1,1,1,1,1,1,1,1,1,1,1,1,1,,,,,,,,,,,,,,,,,,,,,,,,,,,,,,,,,,,,,,,,,,,,,,,,,,,,,,,,,,,,,,,,,,,,,,
62485,928,577,,47,58,2,10,13,,1,,375,2,,,Maguindanao,01/09/2023,16,,,,7,,626,18,1,6,,,1,,1,,,,,1,,,,,,,,,,,,,,,,,,,,,,,2,,,,1,,,,,,,,25,,,,,,,,,,,,,,,,,,,,,,,,,,,,,,,,,,,,,,,,,,,,,,,,,,,,,,,,,,,,,,,,,,,,1,,,,,,,,,,,,,,,,,,,,,,,,,,,,,,,,,,,,,,,,,,,,,,,,,,,,,,,,,,,,,,,,,,,,,,,,,,,,,,,,,,,,,,,,,,,,,,,,,,,,,,,,,,,,,,,,,,,,,,,,,,,,,,,,,,,,,,,,,,,,,,,,,,,,,,,,,,,,,,,,,,,,,,,,,,,,,,,,,,,,,,,,,,,,,,,,,,,,,,,,,
1821,520,1000,,14,4,34,6,1,,,23,,3,6,1,Marinduque,01/09/2023,2,1,,1,,1,25,1,,2,,,,,1,,,,,,,,,,,1,,,,,,,,,,,,,,,,,,,,,,,,,,,,,,,,,,,,,,,,,,,,,,,,,,,,,,,,,,,,,,,,,,,,,,,,,,,,,,,,,,,,,,,,,,,,,,,,,,,,,,,,,,,,,,,,,,,,,,,,,,,,,,,,,,,,,,,,,,,,,,,,,,,,,,,,,,,,,,,,,,,,,,,,,,,,,,,,,,,,,,,,,,,,,,,,,,,,,,,,,,,,,,,,,,,,,,,,,,,,,,,,,,,,,,,,,,,,,,,,,,,,,,,,,,,,,,,,,,,,,,,,,,,,,,,,,,,,,,,,,,,,,,,,,,,,,,,,,,
42911,1563,1998,,21,5,55,7,3,,3,2,1,3,5,1,Masbate,01/09/2023,5,,4,3,,2,1047,2,,1,,,6,,1,,,,,,1,,,,,,,,,,,,,,,,,,,,,,4,,,,,,,,,,,,,,,,,,,,,,,,,,,,,,,,,,,,,,,,,,,,,,,,,,,,,,,,,,,,,,,,,,,,,,,,,,,,,,,,,,,,,,,,,,,,,,,,,,,,,,,,,,,,,,,,,,,,,,,,,,,,,,,,,,,,,,,,,,,,,,,,,,,,,,,,,,,,,,,,,,,,,,,,,,,,,,,,,,,,,,,,,,,,,,,,,,,,,,,,,,,,,,,,,,,,1,1,,,,,,,,,,,,,,,,,,,,,,,,,,,,,,,,,,,,,,,,,,,,,,,,,,,,,,,,,,,,,,,,,,,,
26538,891,2849,2,83,51,5,17,15,,3,2,,12,1,,Misamis Occidental,01/09/2023,1,,,6,,3,39,2,,1,,,1,,1,,,,,,1,,,,,,,,,4,,,,,,5,,,,,,,,,,,6,,,,,,,,,,,,,,,,,,,,,,,,,,,,,,,,,,,,,,,,,,,,,,,,,,,,,,,,,,,,,,,,,,,,,,,,,,,,,,,,,,,,,,,,,,,,,,,,,,,,,,,,,,,,,,,,,,,,,,,,,,,,,,,,,,,,,,,,,,,,,,,,,,,,,,,,,,,,,,,,,,,,,,,,,,,,,,,,,,,,,,,,,,,,,,,,,,,,,,,,,,,,,,,,,,,,,,,,,,,,,,,,,,,,,,,,,,,,,,,,,,,,,,,,,,,,,,,,,,,,,,,,,,,,,,,,,,,,,
297102,56288,1726,2,264,166,329,73,203,7,160,35,,34,12,2,Misamis Oriental,01/09/2023,383,22,17,19,27,7,139,14,18,9,,2,15,1,1,,,,,17,22,,,,,1,,,,,,,7,,,5,,,,,,,,3,,,34,,,,,,,,,,3,,,,,,,,,,,3,,,,,,,,,,,,,,,,,,,,1,,,,,,,,,,,,,,,,,,,,,,,,,,,,,,,,,,,,,,,,,,,,,,,,,,,,,,,,,,,,,,,,,,,,,,,,,,,,,,,,,,,,,,,,,,,,,,,,,,,,,,,,,,,,,,,,,,,,,,,,,,,,,,,,,,,,,,,,,,,,,,,,,,,,,,,,,,,,,,,,,,,,,,,,,1,1,1,,,,,,,,,,,,,,,,,,,,,,,,,,,,,,,,,,,,,,,,,,,,,,,,,,,,,,,,,,,,,,,,,
15850,2580,1214,1,50,10,6,8,18,5,1,13,,8,4,,Mountain Province,01/09/2023,,,8,13,,,92,1,,2,,,1,5,,,,,,15,1,3,,,,,,,,,,,,,,,,,,,,,,,,,,,,,,,,,,,,1,,,,,,,,,,,,,,,,,,,,,,,,,,,,,1,1,,,,,,,,,,,,,,,,,,,,,,,,,,,,1,,,,,,,,,,,,,,,,,,,,,,,,,,,,,,,,,,,,,,,,,,,,,,,,,,,,,,,,,,,,,,,,,,,,,,,,,,,,,,,,,,,,,,,,,,,,,,,,,,,,,,,,,,,,,,,,,,,,,,,,,,,,,,,,,,,,,,,,,,,,,,,,,,,,,,,,,,,,,,,,,,,,,,,,,,,,,,,,,,,,,,,,,,,,,,,,,,,,,,,,,,,,,,,,
52261,6573,6311,4,306,49,162,54,70,,7,29,1,39,35,2,Negros Occidental,01/09/2023,74,,14,63,104,6,745,14,213,20,,1,22,,4,,,,1,7,1,,,,,1,,,,1,,5,,1,,1,,,,,1,,1,4,,,,,,,,,,,1,,1,2,,,,4,,,,1,,,,,,,,,,,,,,,,,,,,,,,,,,,,,,,,,,,3,,,,1,,,,,,,,,,1,,,,,,,,,,,,,,,,,,,,,,,,,,,,,,,,,,,,,,,,,,,,,,,,,,,,,,,,,,,,,,,,,,,,,,,,,,,,,,,,,,,,,,,,,,23,,,,,,,,,,,,,,,,,,,,,,,,,,,,,,,,,,,,,,,,,,,,,,,,,,,,,,,1,,,,,,,,,,,,,,,,,,,,,,,,,,,,,,,,,,,,,,,,,,,,,,,,,,,,,,,,,,,,,,,,
8817,7632,3701,1,222,228,90,46,72,,13,52,1,43,30,4,Negros Oriental,01/09/2023,55,15,9,2,58,4,58,18,39,21,,,4,,1,,,,,2,,,,,2,5,,,,2,,1,1,,,,,,,,,,,8,,,3,,,,,1,,,,,,,,,,,,,,,,,,,,,,,,,,,,,,,,,,,11,,,,,,,,,,,1,,,,,,,,,,,,,,,2,,,,,,,,,,,,,,,,,,,,,,,,,,,,,,,,,,,,,,,,,,,,,,,,,,,,,,,,,,,,,,,,,,,,,,,,,,,,,,,,,,,,,,,,,,,,,,,,,,,,,,,,,,,,,,,,,,,,,,,,,,,,,,,,,,,,,,,,,,,,,,1,,,,,,2,2,1,1,1,1,1,,,,,,,,,,,,,,,,,,,,,,,,,,,,,,,,,,,,,,,,,,,,,,,,,,,,,,,,,
108254,532,3438,,204,45,86,17,17,5,4,6,,18,3,,North Cotabato,01/09/2023,11,,,,,3,64,5,,2,,1,1,,,,,,,,1,,,,,,,,,,,,,,,1,,,,,,,,,,,,,,,,,,,6,,,,,,,,,,,,,,,,,,,,,,,,,,,,,2,,,,1,,,,,,,,,,,,,,,,,,,,,,,,,,,,,,,,,,,,,,,,,,,,,,,,,,,,,,,,,,,,,,,,,,,,,,,,,,,,,,,,,,,,,,,,,,,,,,,,,,,,,,,,,,,,,,,,,,,,,,,,,,,,,,,,,,,,,,,,,,,,,,,,,,,,,,,,,,,,,,,,,,,,,,,,,,,,,,,,,,,,1,1,,,,,,,,,,,,,,,,,,,,,,,,,,,,,,,,,,,,,,,,,,,,,,,,,,,,,,,
78942,2115,2361,,42,13,46,16,12,1,14,38,,19,10,3,Northern Samar,01/09/2023,24,,14,1,1,1,568,2,16,3,,,1,,,,,,,8,1,,,,,,,,,,,,,,,,,,,,,,1,3,,,,1,,,,,,,,,,,,,,,,,,,,,,,,,,,,,,,,,,,,,,,1,,,,,,,,,,,,,,,,,,,,,,,,,,,,,,,,,,,,,,,,,,,,,,,,,,,,,,,,,,,,,,,,,,,,,,,,,,,,,,,,,,,,,,,,,,,,,,,,,,,,,,,,,,,,,,3,,,,,,,,,,,,,,,,,,,,,,,,,,,,,,,,,,,,,,,,,,,,,,,,,,,,,,,,,,,,,,,,,,,,,,,,,3,1,1,,,,,,,,,,,,,,,,,,,,,,,,,,,,,,,,,,,,,,,,,,,,,,,,,,,,
9766,2293,7882,,547,105,78,69,71,,19,7,,24,16,2,Nueva Ecija,01/09/2023,45,,2,,123,,53,11,11,19,,1,,,2,,,,,,4,,,,,1,,,,,,4,,,,,,,,,,,1,14,2,,1,,,,,,,,,,2,,,,,,,,,,,,,,,,,,,,,,,,,,,,,,,,,,,,,,,,,,,,,,,,,,,,,,,,,,,,,,,1,,,,,,,,,,,,,,,,,,,,,,,,,,,,,,,,,,,,,,,,,,,,,,,,,,,,,,,,,,,,,,,,,,,,,,,,,,,,,,,,,,,,,,,,,,,,,,,,,,,,,,,,,,,,,,,,,,1,,,,,,,,,,,,,,,,,,,,,,,,,,,,,,,,,,,,,,,,,,,,,,,,,,,,,,,,,,,,,,,,,,,,,,,,,,,,,,,,,,,,,,,,,,
3960,370,2452,,122,12,50,27,17,,8,9,,19,3,,Nueva Vizcaya,01/09/2023,13,,10,1,2,,53,26,4,4,,,,,1,,,,,,,,,,,,,,,,,,,,,,,,,,,,,4,,,,,,,,,,,1,,,,,,,,,,,,,,,,,,,,,,,,,,,,,,,,,,,,,,,,,,,,,,,,,,,,,,,,,,,,,,,,,,,,,,,,,,,,,,,,,,,,,,,,,,,,,,,,,,,,,,,,,,,,,,,,,,,1,,,,,,,,,,,,,,,,,,,,,,,,,,,,,,,,,,,,,,,,,,,,,,,,,,,,,,,,,,,,,,,,,,,,,,,,,,,,,,,,,,,,,,,,,,,,,,,,,,,,,,,,,,,,,,,,,,,,,,,,,,,,,,,,,,,,,,,,,,,,,,,,,,,,,,,,,,
23776,164,1251,,77,10,30,33,24,,2,,,5,9,,Occidental Mindoro,01/09/2023,3,,3,,,2,98,,,4,,,5,1,,,,,,3,1,,,,,,,,,,,,1,,,,,,,,,,1,,,,,,,,,,,,,,,,,,,,,,,,,,,,,,,,,,,,,,,,,,,,80,,,,,,,,,,,,,,,,,,,,,,,,,,,,,,,,,,,,,,,,,,,,,,,,,,,,,,,,,,,,,,,,,,,,,,,,,,,,,,,,,,,,,,,,,,,,,,,,,,,,,,,,,,,,,,,,,,,,,,,,,,,,,,,,,,,,,,,,,,,,,,,,,,,,,,,,,,,,,,,,,,,,,,,,,,,,,,,,,,,,,,,,,,,,,,,,,,,,,,,,,,,,,,,,,,,,,,,,,,,,,,,,,,,,,,,,,,,,,
9359,4486,2632,,130,19,153,19,49,1,11,18,,8,11,2,Oriental Mindoro,01/09/2023,7,11,11,,,4,2,7,6,5,,,2,,,,,,,3,,,,,,,,,,,,1,,,,,,,,,,,,,,,8,,,,,,,,,,,,,,,,,,,,,,,,,,,,,,,,,,,,,,,,,,,,,,,,,,,,,,,,,,,,,,,,,,,,,,,,,,,,,,,,,,,,,,,,,,,,,,,,,,,,,,,,,,,,,,,,,,,,,,,,,,,,,,,,,,,,,,,,,,,,,,,,,,,,,,,,,,,,,,,,,,,,,,,,,,,,,,,,,,,,,,,,,,,,,,,,,,,,,,,,,,,,,,,,,,,,,,,,,,,,,,,,,,,,,,,,,,,,,,,,,,,,,,,,,,,,,,,,,,,,,,,,,,,,,,,,,,,,,
798288,43688,5806,9,1570,487,530,875,235,38,66,67,,94,20,1,Pampanga,01/09/2023,510,7,60,15,61,7,3243,63,150,76,,1,50,7,1,2,,,,12,33,,,,18,7,,,,,,4,,6,,1,,,,,9,1,6,3,5,,12,,,,,4,1,,7,,35,3,58,97,,9,1,9,,1,,4,,,,,,,,2,,,8,,,,,1,,,50,,,,,,,,,,,1,,,,,,,,,,,,,,,,,,,,,,235,,,,,,,,,,,,,,,,2,1,,,,,,,,,,,,,,,,,,,,,,,,,,,,,,,,,,,,,,,,,,,,,,,1,,,,,,,,,,,,,,,38,,,,21,,,,,,,,,,,,,,,,6,,,,,,,,,,,,,,,,,,,,,,,,,,,,,,,,6,,,,,,,,,,,,,,,,,,,,,,55,12,2,2,2,2,1,1,1,1,1,1,1,1,,,,,,,,,,,,,,,,,,,,,,,,,,,,,,,,,,,,,,
25353,9360,13144,5,723,238,122,138,99,35,17,43,,69,25,1,Pangasinan,01/09/2023,209,,14,9,64,1,370,17,13,50,,1,8,1,2,,,,,7,5,,,,1,2,,,,,,,,,,1,,,,,,,,,,,,,,,,,,,5,1,8,,,,,,,,,,,,,,,,2,,,,,,,,,,,,,,14,,,,,,,,,,,1,,,,,,,,,,,,,,,,,,,,,,,,,,,,,,,,3,,,,,,,,,,,,,,,,,,,,,,,,,,,,,,,,,,,,,,,,,,,,,,,,,,,,,,,,,,,,,,,,,,,,,,,,,,,,,,,,,,,,,,,,,,,,,,,,,,,,,,,,,,,,,,,,1,,,,,,,,,,,,,,,,,,,,,,,,,,,,,,,,,,,,,,,,,,,,,13,9,2,1,1,1,1,1,,,,,,,,,,,,,,,,,,,,,,,,,,,,,,
60360,4845,3754,9,372,103,137,90,79,6,16,4,,30,25,1,Quezon,01/09/2023,67,2,5,3,41,6,1851,28,11,33,,2,3,3,2,,,,,7,2,,,,,5,,,,,,10,2,,,,,,,,,2,1,,,,3,,1,,,,,,,,,2,,1,,4,,,,1,,,,1,,,,,,,,,,,,,1,,,,,1,,,,,,,,,,,,,,,,,,,,,,,,,,,,,,,,,,,,,,,,,,,,,,,,,,,,,,,,,,,,,,,,,,,,,,,,,,,,,,,,,,,,,,,,,,,,,,,,,,,,,,,,,,1,,,,,,,,,,,,,,,,,,,,,,,,,,,,,,,,1,,,,,,,,,,,,,,,,,,,,,,,,,,,,,,,,,,,,,,,,,,,,,,,,,,,,,,,,,,,,,,,,,,,,,19,1,1,,,,,,,,,,,,,,,,,,,,,,,,,,,
40188,2039,1528,,39,8,27,10,,3,,,,,2,,Quirino,01/09/2023,,,1,,,,3814,,,,,,,,,,,,,11,1,,,,2,,,,,,,,,,,,,,,,,,,,,,,,,,,,,,,,,,,,,,,,,,,,,,,,,,,,,,,,,,,,,,,,,,,,,,,,,,,,,,,,,,,,,,,,,,,,,,,,,,,,,,,,,,,,,,,,,,,,,,,,,,,,,,,,,,,,,,,,,,,,,,,,,,,,,,,,,,,,,,,,,,,,,,,,,,,,,,,,,,,,,,,,,,,,,,,,,,,,,,,,,,,,,,,,,,,,,,,,,,,,,,,,,,,,,,,,,,,,,,,,,,,,,,,,,,,,,,,,,,,,,,,,,,,,,,,,,,,,,,,,,,,,,,,,,,,,,,,,,,,
275469,34583,1777,2,550,76,214,97,152,1,40,9,3,33,49,1,Rizal,01/09/2023,109,131,3,4,14,3,1154,15,432,27,,1,19,,1,1,,,,25,33,,1,,,1,,,,,,1,137,,,,,,,,,1,,,,,5,,,,,,,,4,,4,1,,,1,2,,,1,,,,,,,,,,,,,,1,,,,,1,,,5,,,,,,,,,,,,,,,,2,,,,,,,,,,,,,,,,,,,,,,,,,,,,,,,,,,,,,,,,,,,,,,,,,,,,,,,,,,,,,,,,,,,,,,,,,,,,,,,,,,1,,,,,,,,,,,,,,,,,,,17,,,,,,,,,,,,,,,,,,,,,,,,,,,,,,,,,,,,,,,,,,,,,,,,,,,,,,,,1,,,,,,,,,,,,,,,,,,,,,,,1,,,,,,,,,,,,,,,2,1,1,1,1,1,1,1,,,,,,,,,,,,,,,,,,,
12759,418,1120,,20,11,13,12,7,,,5,,7,11,,Romblon,01/09/2023,3,,,3,1,5,1,2,,2,,,1,,1,,,,,,,,,,,,,,,,,,,,,,,,,,,,,,,,,,1,,,,,,,,,,,,,,,,,,,,,,,,,,,,,,1,,,,,,,,,,,,,,,,,,,,,,,,,,,,,,,,,,,,,,,1,,,,,,,,,,,,,,,,,,,,,,,,,,,,,,,,,,,,,,,,,,,,,,,,,,,,,,,,,,,,,,,,,,,,,,,,,,,,,,,,,,,,,,,,,,,,,,,,,,,,,,,,,,,,,,,,,,,,,,,,,,,,,,,,,,,,,,,,,,,,,,,,,,,,,,,,,,,,,,,,,,,,,,,,,,,,,,,,,,,,,,,,,,,,1,,,,,,,,,,,,,,,,,,
81377,4985,1470,17,188,25,305,18,13,14,8,11,,11,23,,Samar,01/09/2023,23,2,7,4,31,2,7057,13,3,16,,2,14,,1,1,,,,29,13,,,,1,,,,,,,4,3,570,,,,,,,,,,,2,,,,,,,,,,,,,,,,,,,,,,,,,,,,1,,,,,,,,,,,,,,,,,,,,,,,,,,,,,,,,1120,,,,,,,,,,,,,,,,,,,,,,,,,,,,,,,,,,,,,,,,,,,,,,,,,,,,,,,,,,,,,,,1,,,,,,,,,,,,,,,,,,,,,,,,,,,,,,,,,,,,,,,,,,,,,,,,,,,,,,,,,,,,,,,,,,,,,,,,,,,,,,,,,,,,,,,,,,,,,,,,,,,,,,,,,,,,,,,,,,,,,,,,,,,,,,,,,,,,,,,,,,,,,,,,,,,,,,,,,,,,
2621,271,1303,1,75,58,26,11,1,,,,,3,,,Sarangani,01/09/2023,19,,,,,,66,2,,,,,,1,,,,,,,,,,,,,,,,,,,1,,,,,,,,,,,,,,,,,,,,,,8,,,,,,,,,,,,,,,,,,,,,,,,,,,,,,,,,,,,,,,,,,,,,,,,,,,,,,,,,,,,,,,,,,,,,,,,,,,,,,,,,,,,,,,,,,,,,,,,,,,,,,,,,,,,,,,,,,,,,,,,,,,,,,,,,,,,,,,,,,,,,,,,,,,,,,,,,,,,,,,,,,,,,,,,,,,,,,,,,,,,,,,,,,,,,,,,,,,,,,,,,,,,,,,,,,,,,,,,,,,,,,,,,,,,,,,,,,,,,,,,,,,,,,,,,,,,,,,,,,,,,,,,,,,,,
9958,16,389,,38,76,1,10,4,,,,,3,3,,Siquijor,01/09/2023,,,1,,,2,,1,,,,,,,,,,,,,,,,,,,,,,,,1,,,,,,,,,,,,,,,,,,,,,,,,,,,,,,,,,,,,,,,,,,,,,,,,,,,,,,,,1,,6,,,,,,,,,,,,,,,,,,,,,,,,,,,,,,,,,,,,,,,,,,,,,,,,,,,,,,,,,,,,,,,,,,,,,,,,,,,,,,,,,,,,,,,,,,,,,,,,,,,,,,,,,,,,,,,,,,,,,,,,,,,,,,,,,,,,,,,,,,,,,,,,,,,,,,,,,,,,,,,,,,,,,,,,,,,,,,,,,,,,,,,,,,,,,,,,,,,,,,,,,,,,,,,,,,,,,,,,,1,,,,,,,,,,,,,,,,,
141510,3526,3699,,29,64,23,21,13,,2,17,,49,3,2,Sorsogon,01/09/2023,32,,,70,,5,147,,2,54,,,3,2,1,,,,,2,4,,,,,,,,,,,,,,,1,,,,,,,,,,,6,,,,,,,,1,,,1,,,,,,,,,,,,,,,,,,,,,1,,,,,,,,,,,,,,,,,,,,,,,,,,,,,,,,,,,,,,,,,1,,,,,,,,,,,,,,,,,,,,,,,,,,,,,,,,,,,,,,,,,,,,,,,,,,,,,,,,,,,,,,,,,,,,,,,,,,,,,,,,,,,,,,,,,,,,,,,,,,,,,,,,,,,,,,,,,,,,,,,,,,,,,,,,,,,,,,,,,,,,,,,,,,,,,,,,,,,,,1,,,,,,,,,,,,,,,,,,,,,,,,,,,,,,,2,1,,,,,,,,,,,,,,,
349214,8106,2699,53,291,122,178,65,70,147,42,8,,16,41,2,South Cotabato,01/09/2023,186,,7,12,12,4,873,36,38,14,,1,23,10,,,,,,101,45,,,,,,,,,2,,9,10,,,3,,,,,,,,5,,,14,,,,,,,,3,,,,,,,,,,,1,,3,,,,,,,,,,,1,,,,,2,,,,19,,,,,,,,,,,,,,,,,1,,,,,,,,,,,,1,1,,,,,,,,,,,,,,,,,,,,,,,,,,,,4,,,,,,,,,,,,,,,,,,,,,,,,,,,,,,,,,,,,,,,,,,,,,,,,,,,,,,,,,,,,,,,,,,,,,,,,,,,,,,,,,,,,,,,,,,,,,,,,,,,,,,,,,,,,,,,,,,,,,,,,,,,,,,,,,,,,,,,,,,,,,,,,,,,,,,,,,,,,,,,,,,,,61,1,1,1,1,,,,,,,,,,
48623,11723,663,18,89,40,91,40,35,5,12,3,,12,21,1,Southern Leyte,01/09/2023,12,,3,3,,5,67,1,15,27,,,7,1,2,,,,,2,9,,,,,1,,,,,,,2,,,4,,,,,3,,,4,,,,,,,,,,,,,,,,,,,,,,,,,,,,,,,,,,,,,,,,,,,,8,,,,,,,,,,1,,,,,,,,,,,,,,,,,,,1,,,,,,,,,,,,,,,,,,,,,,,,,,,,,,,,,,,,,,1,,,,,,,,,,,,,,,,,,,,,,,,,,,,,,,,,,,,,,,,,,,,,,,,,,,,,,,,,,,,,,,,,,,,,,,,,,,,,,,,,,,,,,,,,,,,,,,,,,,,,,,,,,,,,,,,,,,,,,,,,,,,,,,,,,,,,,,,,,,,,,,,,,,,,,,,,,,,,,,,1,1,1,1,,,,,,
25256,249,1648,,119,31,6,17,14,4,7,,,6,1,,Sultan Kudarat,01/09/2023,9,,1,,4,,1,,,1,,,2,,,,,,,39,,,,,,1,,,,,,,,,,,,,,,,,,,,,,,,,,,,,16,,,,,,,,,,,,,,,,,,,,,,,,1,,,,,,,,,,,,,,,,,,,,,,,,,,,,,,,,,,,,,,,,,,,,,,,,,,,,,,,,,,,,,,,,,,,,,,,,,,,,,,,,,,,,,,,,,,,,,,,,,,,,,,,,,,,,,,,,,,,,,,,,1,,,,,,,,,,,,,,,,,,,,,,,,,,,,,,,,,,,,,,,,,,,,,,,,,,,,,,,,,,,,,,,,,,,,,,,,,,,,,,,,,,,,,,,,,,,,,,,,,,,,,,,,,,,,,,,,,,,,,,,,,,,,,
21893,186,437,,8,8,52,1,1,,,37,11,9,4,,Sulu,01/09/2023,8,,,,,,1,,,,,,1,,,,,,,,,,,,,,,,,,,,,,,,,,,,,,,,,,,,,,,,,,10,,,,,,,,,,,,,,,,,,,,,,,,,,,,,,,,,,,,,,,,,,,,,,,,,,,,,,,,,,,,,,,,,,,,,,,,,,,,,,,,,,,,,,,,,,,,,,,,,,,,,,,,,,,,,,,,,,,,,,,,,,,,,,,,,,,,,,,,,,,,,,,,,,,,,,,,,,,,,,,,,,,,,,,,,,,,,,,,,,,,,,,,,,,,,,,,,,,,,,,,,,,,,,,,,,,,,,,,,,,,,,,,,,,,,,,,,,,,,,,,,,,,,,,,,,,,,,,,,,,,,,,,,,,,,
60636,3281,1012,,101,34,64,24,8,,3,1,7,5,4,,Surigao del Norte,01/09/2023,38,9,4,,,8,208,1,3,8,,,1,1,1,,,,,4,,,,,,1,,,,,,,,,,,,,,,,,,,,,2,,,,,,,,,,,,,,,,,,,,,,,,,,,,,,,,,,,,,,,,,,,,,,,,,,,,,,,,,,,,,,,,,,,,,,,,,,,,,,,,,,,,,,,,,,,,,,,,,,,,,,,,,,,,,,,,,,,,,,,,,,,,,,,,,,,,,,,,,,,,,,,,,,,,,,,,,,,,,,,,,,,,,,,,,,,,,,,,,,,,,,,,,,,,,,,,,,,,,,,,,,,,,,,,,,,,,,,,,,,,,,,,,,,,,,,,,,,,,,,,,,,,,,,,,,,,,,,,,,,,,,,,,,,,,,,,,,,,,
12175,2210,1010,,65,298,81,29,16,,15,5,,3,4,,Surigao del Sur,01/09/2023,1,,6,1,,4,131,3,12,2,,,,,1,,,,,21,8,,,,,1,,,,,,,1,,,,,,,,,,,2,,,,,1,,,,,,1,,,,,,,,,,,,,,,,,,,,,,,,,,,,,,,,,,,,,,,,,,,,,,,,,,,,,,,,,,,,,,,,,,,,,,,,,,,,,,,,,,,,,,,,,,,,,,,,,,,,,,,,,,,,,,,,,,,,,,,,,,,,,,,,,,,,,,,,,,,,,,,,,,,,,,,,,,,,,,,,,,,,,,,,,,,,,,,,,,,,,,,,,,,,,,,,,,,,,,,,,,,,,,,,,,,,,,,,,,,,,,,,,,,,,,,,,,,,,,,,,,,,,,,,,,,,,,,,,,,,,,,,,,,,,
680589,1232,2502,1,377,63,144,94,27,5,5,12,,10,3,1,Tarlac,01/09/2023,35,,5,8,9,,161,13,6,31,,,3,,1,,,,2,6,5,,,,,4,,,,,,,1,,,,,,,,,,,3,1,,,,,,,,,,,,1,5,,,,2,,,,,,,,,,,,,,,,,,,,,,,,,,,,,,,,,,,,1,,,,,,,,,,,,,,,,,,,,,,,,,,,,,,,,,,,,,,,,,,,,,,,,,,,,,,,,,,,,,,,,,,,,,,,,,,,,,,,,,,,,,,,,,,,,,,,,,,,,,,,,,,,,,,,,,,,,,,,,,,,,,1,,,,,,,,,,,,,,,,,,,,,,,,,,,,,,,,,,,,,,,,,,,,,,,,,,,,,,,,,,,,,,,,,,,,,,,,,,,,,,,,,,,,,,,,,,,,,,,,2,1,,,,
6015,9362,823,,21,16,22,,6,,5,,22,9,3,1,Tawi-Tawi,01/09/2023,,,1,,,1,,1,,,,,1,,,,,,,,,,,,,,,,,,,,,,,,,,,,,,,,,,,,,,,,,,36,,,,,,,,,,,,,,,,,,,,,,,,,,,,,,,,,,,,,,,,,,,,,,,,,,,,,,,,,,,,,,,,,,,,,,,,,,,,,,,,,,,,,,,,,,,,,,,,,,,,,,,,,,,,,,,,,,,,,,,,,,,,,,,,,,,,,,,,,,,,,,,,,,,,,,,,,,,,,,,,,,,,,,,,,,,,,,,,,,,,,,,,,,,,,,,,,,,,,,,,,,,,,,,,,,,,,,,,,,,,,,,,,,,,,,,,,,,,,,,,,,,,,,,,,,,,,,,,,,,,,,,,,,,,,
79669,80446,2422,400,208,52,1159,44,59,,26,72,,15,11,3,Zambales,01/09/2023,417,,109,5,10,,1122,5,34,7,,1,20,,1,,,,,3,,,,,,,,,,,1,,3,,,160,,,,,,,2,,1,,6,,1,,,,,,1,,2,1,,,,,,,,,,,,,,,1,,,,,,2,,,,,,,,,1,,,,,,,,,,,,,,,,,,,,,,,,,,,,,,,,,,,,,,,,,,,,,,,,,,,,,,,,,,,,,,,,,,,,,,,,,,,,,,,,,,,,,,,,,,,,,,,,,,,,,,,,,,,,,,,,,,,,,,,,,,,,,,,,,,,,,,,,,,,,,,,,,,,,,,,,,,,,,,,,,,,,,,,,,,,,,,,,,,,,,,,,,,,,,,,,,,,,,,,,,,,,,,,,,,,,,,,,,,,,,,,,,,,,,,,,,1,,,
80508,156,5577,,172,31,107,18,15,,2,5,,5,4,2,Zamboanga del Norte,01/09/2023,16,,,,,3,8,1,1,3,,,6,,1,,,,,,,,,,,,,,,,,,,,,,,,,,,,,,,,,,,,,,,,3,,,,,,,,,,,,,,,,,,,,,1,,,,,,,,,,,,,,,,,,,,,,,,,,,,,,,,,,,,,,,,,,,,,,,,,,,,,,,,,,,,,,,,,,,,,,,,,,,,,,,,,,,,,,,,,,,,,,,,,,,,,,,,,,,,,,,,,,,,,,,,,,,,,,,,,,,,,,,,,,,,,,,,,,,,,,,,,,,,,,,,,,,,,,,,,,,,,,,,,,,,,,,,,,,,,,,,,,,,,,,,,,,,,,,,,,,,,,,,,,,,,,,,,,,,,,,,,,,,,,,,,,,,,,,,
71384,1592,7244,,250,87,131,38,38,2,28,8,250,57,29,3,Zamboanga del Sur,01/09/2023,95,3,11,9,21,4,767,22,7,6,,1,,,1,,,,,5,11,,,,2,2,,,,3,,,,,,,,,,,,,,4,,,,,,,,,,,14,,,,,,,1,,,,,,,,,,,,,,,,,1,,,,,,,,,,,,,,,,,,,,,,,,,,,,,,,,,,,,,,,,,,,,,,,,,,,,,,,,,,,,,,,,,,,,,,,,,,,,,,,,,,,,,,,,,,,,,,,,9,,,,,,,,,1,,,,,,,,,,,,,,,,,,,,,,,,,,,,,,,,,,,,,,,,,,,,,,,,,,,,,,,,,,,,,,,,,,,,,,,,,,,,,,,,,,,,,,,,,,,,,,,,,,,,,,,,,,,,,,,,,,,,,,,,,,,,,,,,,,,,,,,,,,1,1,1
13181,439,3786,,47,9,5,8,16,,,1,,1,,1,Zamboanga Sibugay,01/09/2023,3,,1,,20,1,10,1,1,1,,,,,,,,,,1,,,,,1,1,,,,2,,,,,,,,,,,,,,,,,,,,,,,,,1,,,,,,,,,,,,,,,,,,,,,,,,,,,,,,,,,,,,,,,,,,,,,,,,,,,,,,,,,,,,,,,,,,,,,,,,,,,,,,,,,,,,,,,,,,,,,,,,,,,,,,,,,,,,,,,,,,,,,,,,,,,,,,,,,,,,,,,,,,,,,,,,,,,,,,,,,,,,,,,,,,,,,,,,,,,,,,,,,,,,,,,,,,,,,,,,,,,,,,,,,,,,,,,,,,,,,,,,,,,,,,,,,,,,,,,,,,,,,,,,,,,,,,,,,,,,,,,,,,,,,,,,,,,,,
988762,104440,3295,0,2405,427,1950,511,1324,,420,114,15,235,375,10,Metro Manila,01/09/2023,1315,2162,186,6,183,44,3833,524,2750,205,,58,344,2,9,6,,,2,51,47,0,1,,,11,,,4,5,,2,56,,,20,,,,,7,30,1,79,4,,12,,,,,2,1,,11,3,53,16,,1,1,15,,2,20,11,,40,,71,,,,,,,,,1,,,,,2,,,21,0,,,2,2,,,,,,1,0,,6,,2,,2,,,,1,,,,,,,,,,,2,,,1,,,1,,,,,,,,,0,8,1,,,,,,,,,,,,1,1,,,60,,,,,,,,,,,,1,,,1,21,,,,,,,,,,,5,,,,5,0,,,,,,,,,2,1,,,,1,,,,,18,44,,,,,,,,,,,,1,,,,,,,,,,,,,,,,,,,,,,,,,1,,,,,,,1,,,,,,,,,5,,2,,,,,,,,,,,,,,,,,,,1,,,,20,,,,,,,,,,,1,,,1,,,,0,,,,,,,,,,,,,,,,205,,,,,,,
101360,9976,2628,3,148,153,80,58,26,,9,4,4,12,42,4,Palawan,01/09/2023,47,1,31,31,30,7,748,18,6,19,,4,1,0,2,0,,,0,16,2,1,0,,,1,,,0,1,,2,30,,,5,,,,,0,0,4,2,0,,0,,,,,0,0,,5,0,0,0,,0,0,0,,0,0,0,,0,,4,,,,,,,,,0,,,,,0,,,1,2,,,0,0,,,,,,0,1,,0,,0,,0,,,,0,,,,,,,,,,,0,,,0,,,0,,,,,,,,,3,0,0,,,,,,,,,,,,0,0,,,0,,,,,,,,,,,,0,,,0,1,,,,,,,,,,,0,,,,1,1,,,,,,,,,0,0,,,,0,,,,,0,0,,,,,,,,,,,,0,,,,,,,,,,,,,,,,,,,,,,,,,0,,,,,,,0,,,,,,,,,1,,0,,,,,,,,,,,,,,,,,,,0,,,,0,,,,,,,,,,,0,,,0,,,,1,,,,,,,,,,,,,,,,19,,,,,,,
