convenience,supermarket,car_repair,hardware,chemist,hairdresser,bakery,car_parts,electronics,alcohol,beverages,department_store,beauty,funeral_directors,motorcycle,Location,Date_Extracted,car,pawnbroker,clothes,computer,water,ticket,books,shoes,doityourself,mobile_phone,mall,boutique,bicycle,travel_agency,laundry,variety_store,butcher,radiotechnics,optician,general,bookmaker,stationery,tyres,trade,copyshop,furniture,sports,locksmith,greengrocer,garden_centre,appliance,yes,hifi,religion,pastry,wholesale,gift,company,tailor,newsagent,kiosk,massage,food,tea,vulcanizing,fashion,money_lender,photo,weapons,money_transfer,second_hand,chocolate,rice,watches,farm,confectionery,tire_repair,general_store,florist,seafood,tattoo,pet,printing,motorcycle_parts,lottery,cosmetics,scuba_diving,printer_ink,gas,fashion_accessories,motorcycle_repair,cell_phones,resturaunt,security,e-cigarette,collector,musical_instrument,tiles,trophy,jewelry,party,health_food,erotic,"beauty, hairdresser",sgift,deli,paint,agrarian,atv,outdoor,grocery,vacant,storage_rental,security_dogs,Heavy Equipment Repair Shop,souvenir,surf,coffee,toys,candles,water_refilling_station,art,houseware,medical_supply,fabric,lighting,herbalist,telecommunication,animal_supply,perfumery,wine,water_station,pro_shop,medical,model,bed,country_store,music,service_center,bag,hydraulic_hose,interior_decoration,flooring,Agri of Batangas,public_market,rental,glaziery,nutrition_supplements,salisali store,bottle_shop,shoe_repair,curtain,tobacco,frozen_food,craft,sunglasses,Equipment,baby_goods,camera,doors,leather,Baguio_Products_Souvenir_Shop,machine_shop,swimming_pool,video_games,sewing,outpost,electrical,surplus,Ballmill_maker,fishing,repair,photo_studio,dry_cleaning,no,emission_testing,water refilling,upholstery,storage,bakery;department_store,Car Aircon,antiques,native_products,corn_rice_mill,truck,pet_grooming,kitchen,eggs,variety,mattress,auction,courier,advertising,vulcanizing_shop,junk_yard,hairdresser_supply,hvac,fuel,office_supplies,spa,barber,cheese,Tire dealer,supermarket;department_store,dairy,Surplus,electronics;mobile_phone,postal_courier,sanitation;pest_control,hearing_aids,tattoo;tea,honey,water_supply,household_linen,charity,school supply,pharmacy,dive,balloons,electrical_repair,load_outlet,sharpener,Resthouse,specialty_food,welding,metal_fabricator,catering,empty drums,takeway,upholstery_shop,baking_supplies,bubble_tea_supplies,ice,video,frame,Plumbing Supply And Services,car_accessories,CBG,Concept_Store,Heavy_equipment_Supplier,Novelty Store,For Sale,Teodor Service Center,games,ticketing,business_center,animal_health,funeral_service,pet_supply,hardware;trade,water_refilling,Electrical_Computer_Cafe_Convenience_Store,pottery,towing,computer_repair,Woodcraft,motorcycle;motorcycle_repair,appliance;agrarian,Auto_Chemistry_Shop,insurance,gun,window_blind,school_supplies,power_tools,internet_cafe,Pretty Kay Trading,lending,corn/rice mill,commercial,junkshop,restaurant,lumber,clothes;hairdresser,"computer,_mobile_phone,_gadgets",ship_chandler,drinks,public market,printing shop,"clothes,_gluta",Vulcanizing,electronics;motorcycle;computer;confectionery;bakery,hobby,"printing_shop,_school_supplies,_photocopy,_lamination,_tarpaulin,_computer_servicing",scooter,military equipment,photography,public_building,tube_ice,pest_control,agrivet,"clothes,_Shoe,_Sandals,_Slappers,_ETC.",hunting,???,truck_repair,"laundry_shop_,_Pasalubong_shop",bottle,carpet,fish_monger,farm_supply,machine,Wensha Healthy Drinking Water,wood_carving,Internet Shop,anime,Water Station,Trade (Betis House of Decor),RJA Lumber and Hardware,energy,"repair, welding, junk shop",trade;laundry,tractor,guns,shoes;motorcycle,glass_and_aluminum,helmet,Kasiglahan Market,military_surplus,etc_shop,tofu,bridal,Fruits and Vegetable Section,fish,party_needs,communication,Printing_/_Copy_Shop_/_Tarpaulin_Printing,estate_agent,sewing_machine,aluminum and glass,business_service,lawyer,cottage_food,cottage_shop,charcoal,wellness,utilities,nuts,Private,vacuum_cleaner,Exotic Foods,Coffee Project,hardware;bicycle,appliance;motorcycle,school_supplies_store,MilkTea_Shop,water_sports,electronics repair,roof,electronics_repair,solar,tatto,motor,soap,print,printing_shop
14,5,3,3,2,2,2,2,1,1,1,1,1,1,1,Abra,01/09/2023,,,,,,,,,,,,,,,,,,,,,,,,,,,,,,,,,,,,,,,,,,,,,,,,,,,,,,,,,,,,,,,,,,,,,,,,,,,,,,,,,,,,,,,,,,,,,,,,,,,,,,,,,,,,,,,,,,,,,,,,,,,,,,,,,,,,,,,,,,,,,,,,,,,,,,,,,,,,,,,,,,,,,,,,,,,,,,,,,,,,,,,,,,,,,,,,,,,,,,,,,,,,,,,,,,,,,,,,,,,,,,,,,,,,,,,,,,,,,,,,,,,,,,,,,,,,,,,,,,,,,,,,,,,,,,,,,,,,,,,,,,,,,,,,,,,,,,,,,,,,,,,,,,,,,,,,,,,,,,,,,,,,,,,,,,,,,,
92,14,3,17,2,9,24,4,9,,,5,6,4,23,Agusan del Norte,01/09/2023,17,16,11,8,5,5,5,4,4,4,4,4,3,3,3,3,2,2,2,2,2,2,2,2,2,2,1,1,1,1,1,1,1,1,1,1,1,1,1,1,1,1,1,1,1,1,,,,,,,,,,,,,,,,,,,,,,,,,,,,,,,,,,,,,,,,,,,,,,,,,,,,,,,,,,,,,,,,,,,,,,,,,,,,,,,,,,,,,,,,,,,,,,,,,,,,,,,,,,,,,,,,,,,,,,,,,,,,,,,,,,,,,,,,,,,,,,,,,,,,,,,,,,,,,,,,,,,,,,,,,,,,,,,,,,,,,,,,,,,,,,,,,,,,,,,,,,,,,,,,,,,,,,,,,,,,,,,,,,,,,,,,,,,,,,,,,,,,,,,,,,,,,,,,,,,,,,,,,,,,,,,,,,,,,,,,,,,,,,,,
56,8,3,13,,7,17,2,5,2,3,2,3,2,13,Agusan del Sur,01/09/2023,,20,7,6,4,2,1,2,4,9,2,2,,3,,4,,,,8,,2,3,7,,5,,,1,1,,1,,,,,2,,1,,,,,,,3,8,3,2,2,2,2,1,1,1,1,1,1,,,,,,,,,,,,,,,,,,,,,,,,,,,,,,,,,,,,,,,,,,,,,,,,,,,,,,,,,,,,,,,,,,,,,,,,,,,,,,,,,,,,,,,,,,,,,,,,,,,,,,,,,,,,,,,,,,,,,,,,,,,,,,,,,,,,,,,,,,,,,,,,,,,,,,,,,,,,,,,,,,,,,,,,,,,,,,,,,,,,,,,,,,,,,,,,,,,,,,,,,,,,,,,,,,,,,,,,,,,,,,,,,,,,,,,,,,,,,,,,,,,,,,,,,,,,,,,,,,,,,,,,,,,,,,,,,,,,
200,17,1,12,1,13,32,1,9,2,2,5,6,1,22,Aklan,01/09/2023,1,17,12,1,11,,,2,2,7,8,,60,10,9,4,3,,1,11,,,4,8,7,10,2,,5,,5,5,,,3,,44,,6,,2,10,,,,,3,,1,,,,,,30,,,,13,9,5,4,4,4,3,3,3,2,2,2,2,2,1,1,1,1,1,1,1,1,1,1,1,1,1,,,,,,,,,,,,,,,,,,,,,,,,,,,,,,,,,,,,,,,,,,,,,,,,,,,,,,,,,,,,,,,,,,,,,,,,,,,,,,,,,,,,,,,,,,,,,,,,,,,,,,,,,,,,,,,,,,,,,,,,,,,,,,,,,,,,,,,,,,,,,,,,,,,,,,,,,,,,,,,,,,,,,,,,,,,,,,,,,,,,,,,,,,,,,,,,,,,,,,,,,,,,,,,,,,,,,,,,,,,,,,,,,,,,,,,,,,,,,,,,,,,,,,,,,
57,23,24,98,5,9,33,9,18,2,1,8,28,11,38,Albay,01/09/2023,8,23,27,9,22,4,11,5,9,6,12,1,3,,9,22,5,,3,3,,,12,,2,3,1,,,,1,6,,,1,,2,,5,,1,2,,,,,,5,,,1,,,,,2,,,1,,1,6,,,1,2,,,2,,2,,,,2,,,,,6,,,,,,2,2,2,1,1,1,1,,,,,,,,,,,,,,,,,,,,,,,,,,,,,,,,,,,,,,,,,,,,,,,,,,,,,,,,,,,,,,,,,,,,,,,,,,,,,,,,,,,,,,,,,,,,,,,,,,,,,,,,,,,,,,,,,,,,,,,,,,,,,,,,,,,,,,,,,,,,,,,,,,,,,,,,,,,,,,,,,,,,,,,,,,,,,,,,,,,,,,,,,,,,,,,,,,,,,,,,,,,,,,,,,,,,,,,,,,,,,,,,,,,,,,,,,,,,,,,,,,
21,4,3,3,,2,5,1,2,1,,2,3,1,10,Antique,01/09/2023,,9,,2,3,,1,,1,1,4,,,,2,3,1,,,,,1,,1,3,1,,,,,,,,,1,,2,,,,,1,,,,,1,1,,,,,,,1,,,,,,,,,,,1,1,,,,,,,,,,,,,1,,,,,,,,,,,,,1,1,1,,,,,,,,,,,,,,,,,,,,,,,,,,,,,,,,,,,,,,,,,,,,,,,,,,,,,,,,,,,,,,,,,,,,,,,,,,,,,,,,,,,,,,,,,,,,,,,,,,,,,,,,,,,,,,,,,,,,,,,,,,,,,,,,,,,,,,,,,,,,,,,,,,,,,,,,,,,,,,,,,,,,,,,,,,,,,,,,,,,,,,,,,,,,,,,,,,,,,,,,,,,,,,,,,,,,,,,,,,,,,,,,,,,,,,,,,,,,,,,
,2,,,,,1,,,,,,,,,Apayao,01/09/2023,,,,,,,,,,,,,,,,,,,,,,,,,,,,,,,,,,,,,,,,,,,,,,,,,,,,,,,,,,,,,,,,,,,,,,,,,,,,,,,,,,,,,,,,,,,,,,,,,,,,,,,,,,,,,,,,,,,,,,,,,,,,,,,,,,,,,,,,,,,,,,,,,,,,,,,,,,,,,,,,,,,,,,,,,,,,,,,,,,,,,,,,,,,,,,,,,,,,,,,,,,,,,,,,,,,,,,,,,,,,,,,,,,,,,,,,,,,,,,,,,,,,,,,,,,,,,,,,,,,,,,,,,,,,,,,,,,,,,,,,,,,,,,,,,,,,,,,,,,,,,,,,,,,,,,,,,,,,,,,,,,,,,,,,,,,,,,
7,1,,2,1,,6,,,,1,,,1,1,Aurora,01/09/2023,,,4,,4,,,,,3,1,,,1,3,4,,,2,3,,,1,,1,,3,,,,,,,,1,,3,,,,,2,,,,,,,,,,,,,,,,,,,,3,,,,,,,,,,,,,,,,,,,,,,,,,,,,,,,,,,1,1,,,,,,,,,,,,,,,,,,,,,,,,,,,,,,,,,,,,,,,,,,,,,,,,,,,,,,,,,,,,,,,,,,,,,,,,,,,,,,,,,,,,,,,,,,,,,,,,,,,,,,,,,,,,,,,,,,,,,,,,,,,,,,,,,,,,,,,,,,,,,,,,,,,,,,,,,,,,,,,,,,,,,,,,,,,,,,,,,,,,,,,,,,,,,,,,,,,,,,,,,,,,,,,,,,,,,,,,,,,,,,,,,,,,,,,,,,,,,
17,,1,4,,1,4,1,,,,3,1,1,,Basilan,01/09/2023,,11,2,1,2,1,,,,2,,,,,,,,,1,1,,1,1,,,1,,,1,,,,,,,1,,,,,,,,,,,1,,,,,,,,,,,,,1,,,,,,1,,,1,,,,,,,,,,,,,,,,,,,,,,,,,,,,,,,,,,,,,,,,,,,,,,,,,,,,,,,,,,,,,,,,,,,,,,,,,,,,,,,,,,,,,,,,,,,,,,,,,,,,,,,,,,,,,,,,,,,,,,,,,,,,,,,,,,,,,,,,,,,,,,,,,,,,,,,,,,,,,,,,,,,,,,,,,,,,,,,,,,,,,,,,,,,,,,,,,,,,,,,,,,,,,,,,,,,,,,,,,,,,,,,,,,,,,,,,,,,,,,,,,,,,,,,,,,,,,,,,,,,,,,,,,
72,26,16,19,1,5,12,6,11,1,1,7,5,4,31,Bataan,01/09/2023,6,29,7,1,3,2,3,2,3,,11,,5,,,104,6,,,3,3,1,1,33,1,1,1,,2,,2,1,1,,2,,3,,,,,2,,,,,,2,,,1,,,,,1,,,3,1,,,,1,4,1,,,1,,,,,,2,,,,,1,,,,,,,3,,,1,,,,,,,,1,1,1,1,,,,,,,,,,,,,,,,,,,,,,,,,,,,,,,,,,,,,,,,,,,,,,,,,,,,,,,,,,,,,,,,,,,,,,,,,,,,,,,,,,,,,,,,,,,,,,,,,,,,,,,,,,,,,,,,,,,,,,,,,,,,,,,,,,,,,,,,,,,,,,,,,,,,,,,,,,,,,,,,,,,,,,,,,,,,,,,,,,,,,,,,,,,,,,,,,,,,,,,,,,,,,,,,,,,,,,,,,,,,,,,,,,,,,,,,,
3,2,,1,,,3,,2,,,,,,1,Batanes,01/09/2023,,,,,,1,,,,,,,,1,,,,,,,,,,,,,,,,,,,,,,,5,,,,,,,,,,,,,,,,,,,,,,,,,,,,,,,,,,,,,,,,,,,,,,,,,,,,,,,,,,,,,,,,,1,,,,,,,,,,,,,,,,,,,,,,,,,,,,,,,,,,,,,,,,,,,,,,,,,,,,,,,,,,,,,,,,,,,,,,,,,,,,,,,,,,,,,,,,,,,,,,,,,,,,,,,,,,,,,,,,,,,,,,,,,,,,,,,,,,,,,,,,,,,,,,,,,,,,,,,,,,,,,,,,,,,,,,,,,,,,,,,,,,,,,,,,,,,,,,,,,,,,,,,,,,,,,,,,,,,,,,,,,,,,,,,,,,,,,,,,
2143,77,55,77,7,82,131,53,33,4,16,35,67,27,92,Batangas,01/09/2023,38,105,127,31,19,4,12,19,25,40,24,7,19,16,26,45,12,,19,53,1,8,13,107,65,22,4,,4,1,12,12,1,1,9,31,10,,19,,27,17,9,5,,,12,14,1,,2,,2,4,4,11,,,14,3,3,11,22,6,23,12,,2,11,2,4,,,,5,,1,3,,12,5,1,,,,1,13,6,,12,,9,,,,,,3,3,,,4,11,7,3,2,2,2,2,2,2,1,1,1,1,1,1,1,1,1,1,1,1,1,1,,,,,,,,,,,,,,,,,,,,,,,,,,,,,,,,,,,,,,,,,,,,,,,,,,,,,,,,,,,,,,,,,,,,,,,,,,,,,,,,,,,,,,,,,,,,,,,,,,,,,,,,,,,,,,,,,,,,,,,,,,,,,,,,,,,,,,,,,,,,,,,,,,,,,,,,,,,,,,,,,,,,,,,,,,,,,,,,,,,,,,,,,,,,,,,,,,,,,,,,,,,,,,,,,
439,41,62,64,12,59,76,61,50,3,15,24,63,5,18,Benguet,01/09/2023,16,44,80,32,27,3,11,38,7,35,10,5,6,9,61,22,11,2,20,15,,14,20,83,12,10,4,,18,1,6,7,1,,21,1,25,,5,6,21,19,1,4,,,3,16,1,,11,1,3,7,8,9,,1,9,4,4,14,,,5,6,,,7,3,1,,,1,1,1,4,1,,18,1,1,,,,5,13,3,,6,5,,,,,,,5,3,,,6,2,4,,1,,3,,8,2,,,,,,,1,,2,,1,,,,12,2,2,2,2,2,2,2,2,2,1,1,1,1,1,1,1,1,1,1,1,1,1,1,1,,,,,,,,,,,,,,,,,,,,,,,,,,,,,,,,,,,,,,,,,,,,,,,,,,,,,,,,,,,,,,,,,,,,,,,,,,,,,,,,,,,,,,,,,,,,,,,,,,,,,,,,,,,,,,,,,,,,,,,,,,,,,,,,,,,,,,,,,,,,,,,,,,,,,,,,,,,,,,,,,,,,,,,,,,,,,,,,,,,,,,,,
,4,,,,,5,,,,,1,,,2,Biliran,01/09/2023,,1,,,2,3,,1,1,1,1,,,,,2,,,1,,,1,,,,,,,,,,,,1,,,,,,,5,,,,,,1,,,,,,,,,1,,,,1,,,,,,,,,,,,,,,,,,,,,,,,,,,,,,,,,,,,,,,,,,,,,,,,,,,,,,,,,,,,,,,,,,,,,,,,,,,,,,,,,,,,,,,,,,,,,,,,,,,,,,,,,,,,,,,,,,,,,,,,,,,,,,,,,,,,,,,,,,,,,,,,,,,,,,,,,,,,,,,,,,,,,,,,,,,,,,,,,,,,,,,,,,,,,,,,,,,,,,,,,,,,,,,,,,,,,,,,,,,,,,,,,,,,,,,,,,,,,,,,,,,,,,,,,,,,,,,,,,,,,,,,,,,,,,,,,,
871,27,29,87,9,30,74,43,12,4,3,30,14,5,28,Bohol,01/09/2023,25,32,13,4,38,43,,2,7,4,2,2,6,36,19,96,3,,1,61,,1,7,,5,5,4,,5,3,1,6,,,1,6,25,,5,,9,15,1,,5,,6,4,,,,,,,1,1,,,6,,4,3,,,4,,3,4,1,,11,,,,1,,,,,,,1,,,,,,2,1,1,1,,,,,,,3,2,,,4,,,,,,,,,,,,,,,,,,,,,,,,2,,,,,,,,1,1,,,,,,,,,,,,2,1,,,3,2,2,2,1,1,1,1,1,1,1,1,1,1,,,,,,,,,,,,,,,,,,,,,,,,,,,,,,,,,,,,,,,,,,,,,,,,,,,,,,,,,,,,,,,,,,,,,,,,,,,,,,,,,,,,,,,,,,,,,,,,,,,,,,,,,,,,,,,,,,,,,,,,,,,,,,,,,,,,,,,,,,,,,,,,,,,,,,,,,,,,,,,,,,,,,,,,,,
36,20,28,18,2,3,30,2,5,68,4,6,2,5,22,Bukidnon,01/09/2023,4,19,8,5,,,1,3,8,3,7,,3,2,5,3,4,,,,,,3,1,2,4,,,1,2,1,3,1,,1,,3,,,,8,,,,,,1,1,,,,,,,,2,,,3,2,,1,,,1,,,,,,1,,,,,,,,,,1,,,,,,1,1,,2,,,,,,,,,2,,,,,1,,,,,,,,,,,,,,,,,,,,,,,,,,,,,,,,,,,,,,,,,,,,,,,,1,,,,,,,,,,,,,,,,,,,,,,,,,,,,,,,,,,,,,,,,,,,,,,,,,,,,,,,,,,,,,,,,,,,,,,,,,,,,,,,,,,,,,,,,,,,,,,,,,,,,,,,,,,,,,,,,,,,,,,,,,,,,,,,,,,,,,,,,,,,,,,,,,,,,,,,,,,,,,,,,,,,,,,,,,,,,,,,,,,,,,,
472,157,94,109,17,42,130,71,29,1,4,31,37,34,173,Bulacan,01/09/2023,39,233,31,121,29,2,17,9,25,11,38,1,54,4,33,141,16,3,11,23,2,9,35,178,7,30,1,,8,11,18,56,,3,21,,13,,6,,8,6,7,8,1,1,7,12,,,3,2,16,,1,12,,,6,5,3,22,1,7,8,13,,,9,,11,,,,3,,,5,,20,4,2,3,,,2,11,4,,5,2,,,,,2,,,2,1,,,5,4,2,,,4,,,,,,,,,,1,,,,3,,,,,,,,,,,,3,,,,,,1,,,,,,,,,,,1,1,,,,,,,,,,1,,,3,3,2,2,1,1,1,1,1,,,,,,,,,,,,,,,,,,,,,,,,,,,,,,,,,,,,,,,,,,,,,,,,,,,,,,,,,,,,,,,,,,,,,,,,,,,,,,,,,,,,,,,,,,,,,,,,,,,,,,,,,,,,,,,,,,,,,,,,,,,,,,,,,,,,,,,,,,,,,,,,,,,,,,,,,,,,,,,,,
19,17,7,4,2,,12,2,1,,2,4,1,2,4,Cagayan,01/09/2023,2,4,3,2,,1,1,,,1,7,,5,,,2,3,,,1,,1,1,1,3,1,,,,,5,,1,,,,,,,,,1,,1,,,1,1,,,,,,,2,2,,,,1,1,,,,,,,,1,,,,,,,,,1,,,,,,,,,,4,,,,,,,,,,1,,,,,,,,,,,,,,,,,,,,,,,,,,,,,,,,,,,,,1,,,,,,,,,,,,,,,,,,,,,,,,,,,,,,,,,,,,,,1,,,,,,,,,,,,,,,,,,,,,,,,,,,,,,,,,,,,,,,,,,,,,,,,,,,,,,,,,,,,,,,,,,,,,,,,,,,,,,,,,,,,,,,,,,,,,,,,,,,,,,,,,,,,,,,,,,,,,,,,,,,,,,,,,,,,,,,,,,,,,,,,,,,,,,,,,,,,,,,,,
49,12,4,18,1,2,17,1,5,,,7,5,1,11,Camarines Norte,01/09/2023,,11,2,3,4,1,2,2,,3,3,1,1,,,8,,,3,3,,1,,1,1,2,2,,,,,,,,,,1,,,,1,,,,,,,,,,1,,,,,1,,,,2,,,,1,1,,,,3,,,,,,,,,,,,,,,,,3,1,3,,,,,,,,,,,,,,,,,,,,,,,,,,,,,,,,,,,,,,,,,,,,,,,,,,,,,,,,,,,,,,,,,,,,,,,,,,,,,,,,,,,,,,,,,,,,,,,,,,,,,,,,,,,,,,,,,,,,,,,,,,,,,,,,,,,,,,,,,,,,,,,,,,,,,,,,,,,,,,,,,,,,,,,,,,,,,,,,,,,,,,,,,,,,,,,,,,,,,,,,,,,,,,,,,,,,,,,,,,,,,,,,,,,,,,,,,,,,,,,,,,,,,,
53,29,7,15,1,6,24,5,11,,1,14,4,4,4,Camarines Sur,01/09/2023,11,14,7,7,6,4,2,,2,3,8,,4,1,,6,4,,1,10,,,2,1,1,3,3,,1,,1,31,,,,1,,,,,,,,,,,1,3,,,,,,,2,,,,,1,1,,,3,1,4,,,,,,,,,1,,,,,1,1,,,,,,,1,,,,,,,,,,,,,,2,2,1,,,,,,,,,,,,,1,,,,,,,,,,,,,,,,,1,,,,,,,,,,,,,,,,,,2,,,,,,,,,,,,,,,,,,,,,,1,,,,,,,,,,,,,,,,,,,,,,,,,,,,,,,,,,,,,,,,,,,,,,,,,,,,,,,,,,,,,,,,,,,,,,,,,,,,,,,,,,,,,,,,,,,,,,,,,,,,,,,,,,,,,,,,,,,,,,,,,,,,,,,,,,,,,,,,,,,,,,,,,,,,,,,,,,,,,,,,
3,3,,,,3,3,,,,,3,,1,2,Camiguin,01/09/2023,,3,1,,2,4,,,,,,,,,1,,,,,,,,,,,,3,,1,,,4,,,,,1,,,,1,,,,,,,,,,,,,,,,,,,,,,,,,,,,,,1,,,,,,,,,,,,,,,,,,,,,,,,,,,,,,,,,,,,,,,,,,,,,,,,,,,,,,,1,,,,,,,,,,,,,,,,,,,,,,,,,,,,,,,,,,,,,,,,,,,,,,,,,,,,,,,,,,,,,,,,,,,,,,,,,,,,,,,,,,,,,,,,,,,,,,,,,,,,,,,,,,,,,,,,,,,,,,,,,,,,,,,,,,,,,,,,,,,,,,,,,,,,,,,,,,,,,,,,,,,,,,,,,,,,,,,,,,,,,,,,,,,,,,,,,,,,,,,,,,,,,,,,
100,12,8,26,6,19,26,9,14,,2,3,14,11,14,Capiz,01/09/2023,4,35,12,15,20,1,,2,1,1,7,,47,4,5,9,8,,7,148,,,4,2,11,10,,,,,7,,,1,3,2,,,3,1,4,,,,,,7,1,1,,,,,,38,1,,,,7,1,3,,,7,,,1,,,7,,,,,,,2,,1,1,,,,,,,8,,,,,,,,,,1,,,,4,,2,2,,,3,,,,,,,,,,,,,,,,,,,,,,,,,,,1,,,,,,,,,,,,,,,,,,,,,,,,,,,,,,,,,,,,,,,,1,1,,,,,,,,,,,,,,,,,,,,,,,,,,,,,,,,,,,,,,,,,,,,,,,,,,,,,,,,,,,,,,,,,,,,,,,,,,,,,,,,,,,,,,,,,,,,,,,,,,,,,,,,,,,,,,,,,,,,,,,,,,,,,,,,,,,,,,,,,,,,,,,,,,,,,,,,,,,,,,
23,5,1,7,,2,3,,4,,,2,1,1,6,Catanduanes,01/09/2023,,4,1,,1,1,,2,1,,1,,1,2,,1,,,,,,1,,,,1,,,,1,,1,,,,,,,,,4,,,,,,1,,,,,,,,,,,,,,,,,,,,,,,,,,,,,,,,,,,,,,,,,,,,,,,,,,,,,,,,,,,,,,,,,,,,,,,,,,,,,,,,,,,,,,,,,,,,,,,,,,,,,,,,,,,,,,,,,,,,,,,,,,,,,,,,,,,,,,,,,,,,,,,,,,,,,,,,,,,,,,,,,,,,,,,,,,,,,,,,,,,,,,,,,,,,,,,,,,,,,,,,,,,,,,,,,,,,,,,,,,,,,,,,,,,,,,,,,,,,,,,,,,,,,,,,,,,,,,,,,,,,,,,,,,,,,,,,,,,,,,,,,,,,,,,
761,199,184,204,20,128,236,110,50,1,29,59,72,37,168,Cavite,01/09/2023,71,165,98,52,72,1,26,24,80,28,77,2,84,12,83,84,32,2,21,86,2,7,32,166,27,72,13,,30,18,10,31,14,1,16,4,5,,11,,32,49,1,29,3,1,16,9,1,,14,2,6,1,11,22,,,25,5,5,37,22,13,22,13,,1,21,1,12,,,2,16,,,1,,2,4,3,,,,,20,9,,10,2,1,,,,,,2,4,1,,4,3,5,1,1,3,5,1,2,2,,,,,2,,2,,3,,1,,,,1,,3,,,1,2,,2,,,,2,,2,,,,,1,3,,,,,,1,,,6,,,,,,,,,,11,3,2,1,,,,,3,,,,12,1,1,1,1,1,1,1,1,1,1,1,1,1,1,1,1,,,,,,,,,,,,,,,,,,,,,,,,,,,,,,,,,,,,,,,,,,,,,,,,,,,,,,,,,,,,,,,,,,,,,,,,,,,,,,,,,,,,,,,,,,,,,,,,,,,,,,,,,,,,,,,,,,,,,,,,,,,,,,,,,,,,,,,,,,,,,
477,147,52,130,13,53,313,27,39,5,9,54,44,22,107,Cebu,01/09/2023,86,215,72,37,43,49,9,14,37,11,98,,37,29,101,23,18,,4,16,3,6,15,6,9,24,11,,6,2,10,32,4,1,11,3,20,,5,1,21,46,2,2,2,,11,7,1,,3,,,,4,7,,,6,9,8,19,3,11,8,10,21,,6,1,4,,,,3,,6,,,7,,3,1,,,4,,6,,7,,1,1,,,,,11,2,,,,12,1,,1,1,2,2,,2,,,,1,3,,1,,,,1,,,,,,,,,2,,,2,,,,,,,,,,2,,,,2,,,,1,,17,2,,,,,,,1,,,1,1,2,,,,,,,,,,,3,,,,,,,1,,,,,,,,,4,1,1,1,1,1,1,1,1,1,1,1,1,1,1,,,,,,,,,,,,,,,,,,,,,,,,,,,,,,,,,,,,,,,,,,,,,,,,,,,,,,,,,,,,,,,,,,,,,,,,,,,,,,,,,,,,,,,,,,,,,,,,,,,,,,,,,,,,,,,,,,,,,,,,,,,,,,
19,7,2,7,,,9,,2,,1,6,,5,2,Compostela Valley,01/09/2023,3,5,1,2,1,,,,,,2,1,2,4,,2,,,,1,1,1,5,1,1,1,,,1,,1,,,,,,,,,,,,,1,,,1,,,,,,,,,16,,,,,,1,,,,,,,,,,,,,,,,,,,,,,,,2,,,,,,,,,,,,,,,,,,,,,,,,,,,,,,,,,,,,,,,,,,,,,,,,,,,,,,,,,,,,,,,,,,,,,,,,,,,,,,,,,,,,,,,,,,,,,,,,,,,,,,,,,,,,,,,,,,,,,,,,,,,,,,,,,,,,,,,,,,,,,,,,,,,,,,,,,,,,,,,,,,,,,,,,,,,,,,,,,,,,,,,,,,,,,,,,,,,,,,,,,,,,,,,,,,,,,,,,,,,,,,,,,,,,,,,,,,,,,,,,,,,,,,,,
150,19,6,7,,1,27,,6,,4,7,4,14,23,Davao del Norte,01/09/2023,9,2,9,5,4,,2,1,2,2,9,,4,1,6,6,3,,,5,,,7,,,7,,,5,,1,2,,,,1,2,,,,1,1,,,,,3,2,,,1,,,,2,2,,,1,,,3,1,,,,,,,,3,,,,,,,,,1,,,,,,,1,5,,2,,,,,,,,,,,,,1,,,,,,,,,,,,,,,,,,,,,,,,,,,,,,,,,,,,,,,,,,,,,1,,,,,,,,,,,,,,,,,,,,,,,,,,,,,,,,,,,,,,,,,,,,,,,,,,,,,,,,,,,,,1,1,1,1,1,,,,,,,,,,,,,,,,,,,,,,,,,,,,,,,,,,,,,,,,,,,,,,,,,,,,,,,,,,,,,,,,,,,,,,,,,,,,,,,,,,,,,,,,,,,,,,,,,,,,,,,,,,,,,,,,,,,,,,,,,
402,67,133,124,8,41,169,44,38,3,19,45,23,32,66,Davao del Sur,01/09/2023,53,96,29,35,30,3,18,3,21,5,25,1,34,10,36,71,14,,4,9,1,4,49,4,23,51,4,,33,9,6,13,1,,4,2,7,,7,1,30,23,,1,1,,5,3,4,,,1,,,8,17,,,3,4,3,14,1,,10,10,2,1,5,6,2,,,,3,,,,,6,,3,,,,3,5,3,,10,1,,1,,,,,3,2,,,3,1,1,3,2,,,,,2,,,,1,,,3,,1,,,,,,1,1,1,,,,2,,1,,,,1,,,,,,,2,,,,,,,1,,,1,,,,,,,,,,,2,3,1,,,,,,,,,,,,,,,,,,,,,,3,,,,,,,,,,,,,,,,,,,,,1,,,3,2,1,1,1,1,1,1,1,1,1,,,,,,,,,,,,,,,,,,,,,,,,,,,,,,,,,,,,,,,,,,,,,,,,,,,,,,,,,,,,,,,,,,,,,,,,,,,,,,,,,,,,,,,,,,,,,,,,,,,,,,,,,,,,,,
26,16,3,4,1,1,3,,,,2,2,,5,9,Davao Oriental,01/09/2023,,5,1,,2,1,,,1,2,2,,,,1,5,,,,,3,,1,,,,,,,,,2,,,,,3,,,,1,,,,,,,1,,,,,,,,1,,,,,,,,,,,,,1,,,,,,,,,,,,,,,,,,,,,,,,,,,,,,,,,,,,,,,,,,,,,,,,,,,,,,,,,,,,,,,,,,,,,,,,,,,,,1,,,,,,,,,,,,,,,,,,,,,,,,,,,,,,,,,,,,,,,,,,,,,,,,,,,,,,,,,,,,,,,,,,,,,,,,,,,,,,,,,,,,,,,,,,,,,,,,,,,,,,,,,,,,,,,,,,,,,,,,,,,,,,,,,,,,,,,,,,,,,,,,,,,,,,,,,,,,,,,,,,,,,,,,,,,,,,,,,,,,,,,,,,,,
2,,,2,,,2,,,,,,,,,Dinagat Islands,01/09/2023,,,,,1,1,,,,,,,,,,,,,,,,,,,1,,,,,,,,,,,1,,,,,,,,,,,,,,,,,,,,,,,,,,,,,,,,,,,,,,,,,,,,,,,,,,,,,,,,,,,,,,,,,,,,,,,,,,,,,,,,,,,,,,,,,,,,,,,,,,,,,,,,,,,,,,,,,,,,,,,,,,,,,,,,,,,,,,,,,,,,,,,,,,,,,,,,,,,,,,,,,,,,,,,,,,,,,,,,,,,,,,,,,,,,,,,,,,,,,,,,,,,,,,,,,,,,,,,,,,,,,,,,,,,,,,,,,,,,,,,,,,,,,,,,,,,,,,,,,,,,,,,,,,,,,,,,,,,,,,,,,,,,,,,,,,,,,,,,,,
8,6,,24,3,1,17,2,6,1,1,5,5,,1,Eastern Samar,01/09/2023,,6,1,1,1,1,1,,1,1,2,,1,,1,5,1,,1,,,,1,,,1,1,,2,,,1,,,,,3,,,,,,1,,,,,1,,,1,,,,,,,,1,,,,,,,,,1,,,,,,,,,,,,,,,,,,,,2,,,,,,,,,,,,,,,,,,,,,,,,,,,,,,,,,,,,,,,,,,,,,,,,,,,,,,,,,,,,,,,1,,,,,,,,,,,,,,,,,,,,,,,,,,,,,,,,,,,,,,,,,,,,,,,,,,,,,,,,,,,,,,,,,,,,,,,,,,,,,,,,,,,,,,,,,,,,,,,,,,,,,,,,,,,,,,,,,,,,,,,,,,,,,,,,,,,,,,,,,,,,,,,,,,,,,,,,,,,,,,,,,,,,,,,,,,,,,,,,,,,,,,,
8,4,,,,1,2,1,,,,1,,1,1,Guimaras,01/09/2023,,6,2,1,1,,,,,1,1,,1,1,,3,,,,1,,,,,,,,,,,1,,,,,,2,,,,,1,,,,,,3,,,,,,,,,,,,,,1,,,,,,,,,,,,,,,,,,,,,,,,,,,,,,,,,,,,,,,,,,,,,,,,,,,,,,,,,,,,,,,,,,,,,,,,,,,,,,,,,,,,,,,,,,,,,,,,,,,,,,,,,,,,,,,,,,,,,,,,,,,,,,,,,,,,,,,,,,,,,,,,,,,,,,,,,,,,,,,,,,,1,,,,,,,,,,,,,,,,,,,,,,,,,,,,,,,,,,,,,,,,,,,,,,,,,,,,,,,,,,,,,,,,,,,,,,,,,,,,,,,,,,,,,,,,,,,,,,,,,,,,,,,,,,,,,
37,3,1,6,,,5,1,1,,,,,,1,Ifugao,01/09/2023,,,,1,1,5,,,,1,,,1,1,1,4,,,,1,,,,,,2,,,1,1,1,1,,,,,7,,,,,,,,,,,,,,,,,,,,,,,,,,,,,,,,,,1,,,,,,,,,,,,,,,,,2,,,,,,,,,,1,,,,1,,,,,,,,,,,,,,,,,,,,,,,,,,,,,,,,,,,,,,,,,,,,,,,,,,,,,,,,,,,,,,,,,,,,,,,,,,,,,,,,,,,,,,,,,,,,,,,,,,,,,,,,,,,,,,,,,,,,,,,,,,,,,,,,,,,,,,,,,,,,,,,,,,,,,,,,,,,,,,,,,,,,,,,,,,,,,,,,,,,,,,,,,,,,,,,,,,,,,,,,,,,,,,,,,,,,,,,,,,,,,,,,,,,,,,,,
109,10,6,20,,7,15,8,3,3,7,5,3,2,9,Ilocos Norte,01/09/2023,7,18,7,3,3,2,4,1,2,7,5,,,1,1,2,3,,,31,,1,,17,6,,,,1,,1,,,,1,,1,,1,,4,1,,1,3,,,,,,,,,,,1,,,1,,,1,,,1,,,,3,,3,,,,,,,,,,1,,,,,1,,,,,,,,,,,,,,,,,,,,,,,,,,,,,,,,,,,,,,,,1,,,,,,,,,,,,,,,,,,,,,,1,,,,,,,,,,,,,,,,,,,,,,,,,,,,,,,,,,,,,,,,,,,,,,,,,,,,,,,,,,,,,,,,,,,,,,,,,,,,,,1,1,1,1,,,,,,,,,,,,,,,,,,,,,,,,,,,,,,,,,,,,,,,,,,,,,,,,,,,,,,,,,,,,,,,,,,,,,,,,,,,,,,,,,,,,,,,,,,,,,,,,,,,,,,,,,
74,22,13,24,2,7,21,6,5,1,2,16,3,4,36,Ilocos Sur,01/09/2023,1,31,7,5,1,,3,2,2,3,8,1,3,1,,33,1,,5,8,,1,2,35,1,11,,,,2,1,3,,,1,,21,,5,,2,1,,1,,,,1,,,,,,,,4,,,1,1,1,,,1,3,3,,,5,,6,,,,,,,,,,,,,,,,,,,,,,,,,,,,,,,,,,,,,1,,,,,,,,,,,,,,,,,,,,,,,,,,,,,,,,,,,,,,,,,,,,1,,1,,,,,,,,,,,,,,,,,,,,,,,,,,1,,,,,,,,,,,,,,,,,,,,,,,,,,,,,,,,,,,,,,,,,,,,,,,,,2,,,,,,,,,,,,,,,,,,,,,,,,,,,,,,,,,,,,,,,,,,,,,,,,,,,,,,,,,,,,,,,,,,,,,,,,,,,,,,,,,,,,,,,,,,,,,,,,,,,,,,,,,
2510,100,69,77,6,14,146,32,32,1,11,28,16,18,58,Iloilo,01/09/2023,60,69,20,16,42,14,6,5,23,11,31,6,116,9,17,36,15,,5,4,1,,23,19,12,20,4,,3,2,9,6,2,1,2,1,21,,2,,11,6,1,,,1,5,5,1,,2,1,4,,2,10,,,5,11,3,9,2,3,5,9,,1,3,,1,,,,1,,,,,4,1,,4,,,1,2,4,,4,,,,,,,,,4,1,,,1,1,1,1,,,,,1,,,,,1,,,,,,,,,,,,,,,,,,,1,,,,,,,,,,,,,1,,,,,,,,,,,,,,,,,,1,,1,,,,,,,,,,,,,,,,,,,,,,,,,,,,,,,,,,,,,,,,,,,,,,,,,,,,,,,,,,,,,,4,1,1,,,,,,,,,,,,,,,,,,,,,,,,,,,,,,,,,,,,,,,,,,,,,,,,,,,,,,,,,,,,,,,,,,,,,,,,,,,,,,,,,,,,,,,,,,,,,,,,,,,,,,
16,32,6,13,2,1,16,4,1,,1,5,1,3,1,Isabela,01/09/2023,15,6,1,4,1,,3,1,4,,16,,3,2,1,10,1,,,4,,2,2,,,1,,,,,1,2,,,,,,,,,,,,,,,,2,,,,,,,,,,,,,,2,,,,,,,,,,,,,,,,,,,,,,,,,,1,,,,,,,,,,,,,,,,,,,,,,,,,,,,,,,,,,,,,,,,,,,,,,,,,,,,,,,,,,,,,,,,,,,,,,,,,,,,,,,,,,,,,,,,,,,,,,,,,,,,,,,,,,,,,,,,,,,,,,,,,,,,,,,,,,,,,,,,,,,,,,,,,,,,,,,,,,,,,,,,,,,,,,,,,,,,,,,,,,,,,,,,,,,,,,,,,,,,,,,,,,,,,,,,,,,,,,,,,,,,,,,,,,,,,,,,,,,,,,,,,,,,,,
1,4,1,3,,,3,4,,,,3,,,,Kalinga,01/09/2023,2,1,,,1,,,,,1,,,,,,,,,,,,1,,,,,,,,,,,,,,,,,,,,,,,,,,,,,,,,,,,,,,,1,,,1,,,,,,,,,,,,,,,,,,,,,,,,,,,,,,,,,,,,,,,,,,,,,,,,,,,,,,,,,,,,,,,,,,,,,,,,,,,,,,,,,,,,,,,,,,,,,,,,,,,,,,,,,,,,,,,,,,,,,,,,,,,,,,,,,,,,,,,,,,,,,,,,,,,,,,,,,,,,,,,,,,,,,,,,,,,,,,,,,,,,,,,,,,,,,,,,,,,,,,,,,,,,,,,,,,,,,,,,,,,,,,,,,,,,,,,,,,,,,,,,,,,,,,,,,,,,,,,,,,,,,,,,,,,,,,
169,16,54,11,3,10,23,38,6,1,1,4,9,21,67,La Union,01/09/2023,11,61,10,6,17,,3,3,11,4,9,3,20,,8,93,7,,6,2,,2,4,94,1,16,2,,4,,11,8,,,11,2,5,,1,,2,2,,1,,,8,3,,,,,1,,,,,,,16,1,4,,8,,2,,,10,,6,,,,,,,,,,,,,,,,7,1,,14,1,,,,,,,,,,,,2,3,3,1,1,,,,,,,,,,,2,,,,,,,1,,,,,,,,,2,,,,,,,,,,,,1,,,,,,,,,,,,,,,,,,,,,,,,,,,,,,,,,,,,,,,2,,,,,,,,,,,,,,,,,,,,,,,,,,,,,,,,,,,,,,,,,,,,,,,,4,1,,,,,,,,,,,,,,,,,,,,,,,,,,,,,,,,,,,,,,,,,,,,,,,,,,,,,,,,,,,,,,,,,,,,,,,,,,,,,,,,,,,,,,,,,,,,,,,,,,,,
1771,323,81,239,24,100,231,56,56,9,14,44,78,45,115,Laguna,01/09/2023,70,124,151,32,60,12,39,32,44,71,42,7,29,14,49,52,27,2,18,33,,12,13,46,24,24,17,2,15,7,18,25,2,,9,3,25,,12,1,12,20,31,8,,1,20,13,2,,,,12,1,10,18,2,1,13,3,3,33,2,4,8,11,,1,9,,15,,,,11,,4,6,1,6,7,2,,,,3,10,12,,1,6,6,3,,,1,,2,3,1,,1,3,4,,,2,1,1,1,2,,,,,1,,4,,4,,,,,,3,2,1,,,2,,,2,2,,,1,,,,,,,2,1,,1,,,1,1,,1,,,,,,,,4,,,1,1,1,2,,,,,8,,,,1,1,,,,,,,2,,,,,,,,,1,1,,,,,,,,,,,,,,,,,,,,,,,,,,,,,6,,,,,,,,,,,3,1,1,1,1,1,1,1,1,1,1,1,,,,,,,,,,,,,,,,,,,,,,,,,,,,,,,,,,,,,,,,,,,,,,,,,,,,,,,,,,,,,,,,,,,,,,,,,,,,,,,,,,,,,,,,
47,6,7,20,,3,24,2,6,49,1,7,4,4,17,Lanao del Norte,01/09/2023,5,22,6,6,12,2,1,1,3,,6,,2,1,4,4,2,,,9,,,3,8,3,3,,,,,3,,,,,,1,,,,,,,1,,,7,,,,,1,,,,1,,,,,,3,,,,4,,,7,,1,,,,,,,1,,3,,,,,,,1,,,1,,,,,,,,,,,,1,,,,,,,,,1,,,,,,,1,,,,,,,,,1,,,,,,,,,,,,,,,,,,,,,,,,,,,,,,,,,,,,,,2,,,,,,,,,,,,1,,,,,,,,,,,,,,,,,,,,,,,,,,,,,,,,,,,,,,,,,,,,,,,,,,,,,,,,,,,,,,,,,,,,,,1,,,,,,,,,,,,,,,,,,,,,,,,,,,,,,,,,,,,,,,,,,,,,,,,,,,,,,,,,,,,,,,,,,,,,,,,,,,,,,,,,,,,,,,
8,1,1,9,,,10,1,,8,,3,1,,1,Lanao del Sur,01/09/2023,,5,2,1,,,,,,,,,1,1,1,2,,,1,,1,3,,,1,3,2,,1,,,,,,1,1,1,,,,,,,,,,,,,,,,,,2,,,,,1,,,,,,,,,1,,,,,,,,,,,,,,,,,,,,,,1,,,,,,,1,,,,1,3,,,,,,,,,,,,,,,,,,,,,,,,,,,,,,,1,,,,,,,,,,,,,,,,,,,,,,,,,,,,,,,,,,,,,,,,,,,,,,,,,,,,,,,,,,,,,,,,,,,,,,,,,,,,,,,,,,,,,,,,,,,,,,,,,,,,,,,,,,,,,,,,,,,,,,,,,,,,,,,,,,,,,,,,,,,,,,,,,,,,,,,,,,,,,,,,,,,,,,,,,,,,,,,,,,,,,,,,,,,,,,,,,,,,,,,,
841,52,34,113,16,54,180,16,43,,5,33,40,17,48,Leyte,01/09/2023,21,61,73,40,25,15,11,20,12,42,22,3,14,10,33,47,37,,10,20,1,11,19,12,33,10,8,,7,4,5,11,2,1,4,1,7,,10,,34,8,2,2,1,,24,14,,,6,2,1,,,19,,,7,4,2,8,,1,15,5,,3,3,,9,,,,,,3,,,8,,,,,,1,6,16,,1,1,,,,,,,2,3,,,1,,3,,,,2,,,1,,,,,,,1,2,1,,2,1,,,,,1,,,,,,2,,,,,,,,,,,,,,,,,,4,1,,,,,,,,,,,,,,2,,,,,,,,,1,2,,,,,,,,1,,,,,,,,,,,,,,,,,,,,,,,,,,,,,1,1,,,,,,,,,,,,,,,,,,,,,,,,,,,,,,,,,2,1,1,1,1,1,1,1,1,1,1,,,,,,,,,,,,,,,,,,,,,,,,,,,,,,,,,,,,,,,,,,,,,,,,,,,,,,,,,,,,,,,,,,,,,,,,,,,,
29,7,5,13,,1,9,,,,,5,2,1,,Maguindanao,01/09/2023,,8,3,2,4,,,,1,2,1,5,1,1,2,116,1,,1,,4,,1,,1,1,,,,,,,,,,,1,,,,,,,,,,1,,,,,,,,,2,,,,,,2,,,,1,,,,,,,,,,,,,,,,,,,,,,,,1,,,,,,,,,,,,,,1,,,,,,,,,,,,,,,,,,,,,,,,,,,,,,,,,,,,,,,,,,,,,,,,,,,,,,,,,,,,,,,,,,,,,,,,,,,,,,,,,,,,,,,,,,,,,,,,,,,,,,,,,,,,,,,,,,,,,,,,,,,,,,,,,,,,,,,,,,,,,,,,,,,,,,,,,,,1,,,,,,,,,,,,,,,,,,,,,,,,,,,,,,,,,,,,,,,,,,,,,,,,,,,,,,,,,,,,,,,,,,,,,,,,,,,
4,5,,5,2,,6,1,,1,1,,1,,4,Marinduque,01/09/2023,,3,,1,1,,1,1,,,,,3,1,,,,,,,,1,,,,1,,,,,,,,,,,4,,,,,,,,,,2,,,,,,,,,1,,,1,,,1,,,,1,,,,,,,,,,,,,,,,,,,,,,,,,,,,,,,,,1,,,,,,,,,,,,,,,,,,,,,,,,,,,,,,,,,,,,,,,,,,,,,,,,,,,,,,,,,,,,,,,,,,,,,,,,,,,,,,,,,,,,,,,,,,,,,,,,,,,,,,,,,,,,,,,,,,,,,,,,,,,,,,,,,,,,,,,,,,,,,,,,,,,,,,,,,,,,,,,,,,,,,,,,,,,,,,,,,,,,,,,,,,,,,,,,,,,,,,,,,,,,,,,,,,,,,,,,,,,,,,,,,,,,,,,,,,,
3,3,,2,,,1,,1,,,,,,,Masbate,01/09/2023,,3,2,,1,1,1,,,1,2,,1,,,1,,,,,,1,,,,,,,,,,,,,,,,,,,,,,,,,2,,,,,,,,,,,,,1,,,,,,,,,,,,,,,,,,,,,,,,,,,,,,,,,,,,,,,,,,,,,,,,,,,,,,,,,,,,,,,,,,,,,,,,,,,,,,,,,,,,,,,,,,,,,,,,,,,,,,,,,,,,,,,,,,,,,,,,,,,,,,,,,,,,,,,,,,,,,,,,,,,,,,,,,,,,,,,,,,,,,,,,,,,,,,,,,,,,,,,,,,,,,,,,,,,,,,,,,,,,,,,,,,,,,,,,,,,,,,,,,,,,,,,,,,,,,,,,,,,,,,,,,,,,,,,,,,,,,,,,,,,,,,,,,,
21,9,2,14,,1,21,5,12,,16,8,1,6,1,Misamis Occidental,01/09/2023,12,6,6,1,2,,,2,2,,1,,1,,1,2,,,,,,2,2,1,2,2,,,4,,,,,,,,,,,,,,,,,,3,3,,,,,,,,1,,,1,1,,1,,,,1,,,,,,,,,1,,,,,,,,,,,,,1,,3,,,,,,,,,2,,,,,,1,,,,,,,,,,,,,,,,,,,,,,,,,,,,,,,,,,,,,,,,,,,,,,,,,,,,,,,,,,,,,,1,,,,,,,,,,,,,,,,,,,,,,,,,,,,,,,,,,,,,,,,,,,,,,,,,,,,,,,,,,,,,,,,,,,,,,,,,,,,,,,,,,,,,,,,,,,,,,,,,,,,,,,,,,,,,,,,,,,,,,,,,,,,,,,,,,,,,,,,,,,,,,,,,,,,,,,,,,,,,,,,,,,,,,,
133,39,32,67,5,19,76,18,15,51,3,12,10,12,38,Misamis Oriental,01/09/2023,31,60,23,24,23,3,12,2,15,8,15,1,10,8,15,5,15,1,,14,,1,6,8,3,13,3,,6,,1,6,3,1,4,1,4,,2,,1,8,1,1,,,3,3,,,2,,,,1,1,,,2,4,1,3,,,9,5,1,1,13,,4,,,,3,,,2,,1,,2,,,,1,7,1,,4,,,3,,,,,,2,,,,3,,2,,1,,,,,,,,,,,,,,,,,,,,1,,,,,,,,,,,,,,,,,,,,,,,,,2,,,,,,,,,,,,,2,,,1,,,,,,,,,,,,,,,,,,,,,,,,,,,,,,,,,,,,,,,,,,,,,,,,,,,,,,,,,,,,,,,,,,,,,,,,,,1,,,,,,,,,,,,,,,,,,1,1,1,,,,,,,,,,,,,,,,,,,,,,,,,,,,,,,,,,,,,,,,,,,,,,,,,,,,,,,,,,,,,,,,,,,,,,,,
32,,3,4,,2,3,3,,,,2,,,2,Mountain Province,01/09/2023,,1,1,,2,2,,,,1,,,2,1,1,3,,,,1,,,,4,,2,,,1,,,7,,,,,11,,,,,,,,,,,,,,,,,,,,,,,,,1,,,,,,,,,,,,,,,,,,,,,,,,,,,,3,,,,,,,,,,,,,,,,,,,,,1,,,,,,,,,,,,,,,,,,,,,,,,1,,,,,,,,,,,,,,,,,,,,,,,,,,,,,,,,,,,,,,,,,,,,,,,,,,,,,,,,,,,,,,,,,,,,,,,,,,,,,,,,,,,,,,,,,,,,,,,,,,,,,,,,,,,,,,,,,,,,,,,,,,,,,,,,,,,,,,,,,,,,,,,,,,,,,,,,,,,,,,,,,,,,,,,,,,,,,,,,,,,,,,,,,,,,,,,,,,,,,,,
162,61,18,31,3,7,64,7,26,3,9,26,10,14,32,Negros Occidental,01/09/2023,33,32,9,14,15,12,1,1,6,7,26,2,29,1,9,22,5,1,3,5,5,,8,4,6,8,,,10,,1,8,2,1,7,,11,,1,1,3,1,1,,,,10,4,1,,2,,,,2,7,,,3,11,,7,1,2,,4,4,1,4,1,1,,,,,,1,1,,,1,1,,,,,,,,1,,,,,,,,1,,,,3,2,,,1,,,,,1,,,,,,,,,,,,,,,,,,,,,,,2,,,,,,,,,,,,,,,,,,,,,,,,,,,,1,,,1,,,,,,,,,,,,,,,,,1,,,,,,,,,,,,,,,,,,,,,,,,,,,,,,,,1,,,,,,,,,,,,,,,,,,,,,,,,,,,,,,,,,,,,,,,,,,,,,,,,,1,1,1,1,1,,,,,,,,,,,,,,,,,,,,,,,,,,,,,,,,,,,,,,,,,,,,,,,,,,,,,,,,,,,,,,,,,,,
113,27,7,37,2,7,81,10,7,1,4,11,9,4,45,Negros Oriental,01/09/2023,18,41,16,7,7,24,1,2,7,8,7,2,13,14,24,4,,,4,28,,1,15,4,15,8,1,,3,2,7,18,,2,1,,3,,6,,5,15,1,2,,,4,5,,,2,,,,1,1,,,7,,,2,,2,42,2,5,,2,,6,,,,1,,1,,,1,,,,,,,,2,,1,,1,,,,,,2,1,,,3,4,,1,,1,,,,1,,,,,,,1,,,,,,,,,,,,,,,,,1,,,,,,,,,1,,,,,,,,,1,,,,,,,,,,,,,,,,,,,,,,,,,,,,,,,,,,,,,,,,,,,,,,,,,,,,,,,,,,,,,1,1,,,,,,,,,,,,,,,,,,,,,,,,,,,,,,,,,,,,,,,,,,,,,,,,,,,,,2,1,1,1,1,1,1,,,,,,,,,,,,,,,,,,,,,,,,,,,,,,,,,,,,,,,,,,,,,,,,,,,,,,,,,,,,
180,9,3,16,,,10,2,2,,4,12,1,6,2,North Cotabato,01/09/2023,3,11,5,3,2,,,,1,,2,1,,1,1,4,2,,,,,,2,1,1,4,2,,5,1,1,,,,,,1,,,,2,,,,,,,3,,,,,,,,1,,,2,2,1,,,,,1,,,,,,,,,,,,,,,,,,,,,,1,,,,,,,,,,1,,,,,,,,,,,,,,,,,,,,,,,,,,,,1,,,,,,,,,,,,,,,,,,,,,,,,,,,,3,,,,,,,,,,,,,,1,,,,,,,,,,,,,,,,,,,,,,,,,,,,,,,,,,,,,,,,,,,,,,,,,,,,,,,,,,,,,,,,,,,,,,,,,,,,,,,,,,,,,,,,,,,,,,,,,,,,,,,,,,,,,,,,,,,,,,,,,,,,,,,,,,,,,,,,,,,,,,,,,,,,,,,,,,,,,,,,,,,,,,
18,9,3,22,,2,13,,1,,1,4,,1,1,Northern Samar,01/09/2023,2,4,3,3,1,1,4,,,,1,,,1,3,7,1,,2,,,,1,,6,3,,,,,,,,,,2,1,,,,,,,,,,1,1,,,,,,,,1,,,,4,,2,,,,1,,,1,,,,,,,,,,,,,,,,,,,1,,3,,,,,,,,,,,,,,,,,,,,,1,,,,,,,,,,,,,,,,,,,,,,,,,,,,,,,,,,,,,,,,,,,,,,,,,,,,,,,,,,,,,,,,,,,,,,,,,,,,,,,,,,,,,,,,,,,,,,,,,,,,,,,,,,,,,,,,,,,,,,,,,,,,,,,,,,,,,,,,,,,,,,,,,,,,,,,,,,,,,,,,,,,,,,,,,,,,,,,,,,,,,,,,,,,,,,,,,,,,,,,,,,,,,,,,,,,,,,,,,,,,,,,
226,46,52,35,8,17,54,37,10,1,1,13,2,15,120,Nueva Ecija,01/09/2023,17,90,24,6,17,,8,2,6,10,12,,16,1,6,344,10,,4,27,1,3,13,153,2,17,,,8,2,11,6,2,,19,2,,,,,1,3,,4,,,3,5,,,,,3,,,3,,,11,,,24,1,6,5,5,,,6,,1,,,,5,,,,,,1,,,,,,17,5,,,5,1,,,,,,,1,,,4,,9,1,1,,,,,,,,,,,,,,,,,,,,,2,,,,,,,2,,,,,,,,,,,,,,,,,,,,,,,,,,,,,,,4,1,,,,,,,,,,,,,,,,,,,1,,,,,,,,,,,,,,,,1,,,,,,,,,,,,,,,,,,,,,,,,,,,,,,,,,,,,,,,,,,,,,,,,,,,,,,,,,,,,,,,,,,,,,,,,,,,,,,,,,,,,,,,,,,,,,,,,,,,,,,,,,,,,,,,,,,,,,,,,,,,,,,,,,,,,,
19,17,11,8,1,3,11,4,1,,,7,2,,9,Nueva Vizcaya,01/09/2023,1,5,6,3,2,,6,2,3,6,1,,1,,1,,1,,,1,1,,2,1,1,,,,2,,4,3,,,,1,1,,1,,2,,,,,,,1,,,,,,,,,,,2,,,2,,1,,1,,,,2,1,,,,,,,,,,,,,,,,2,1,,,,,,,,,,,,,,,,,,,,,,,,,,,,,,,,,,,,,,,,,,,,,,,,,,,,,,,,,,,,,,,,,,,,,,,,,,,,,,,,,,,,,,,,,,,,,,,,,,,,,,,,,,1,,,,,,,,,,,,,,,,,,,,,,,,,,,,,,,,,,,,,,,,,,,,,,,,,,,,,,,,,,,,,,,,,,,,,,,,,,,,,,,,,,,,,,,,,,,,,,,,,,,,,,,,,,,,,,,,,,,,,,,,,,,,,,,,,,,,,,,,,,,,
127,2,7,18,,8,16,7,5,,3,17,3,2,14,Occidental Mindoro,01/09/2023,1,12,15,9,9,2,2,2,,5,2,,2,1,1,3,,,1,4,,1,8,8,6,4,1,,2,,,,,,,,2,,3,,,,1,,,,1,1,,,1,,,,,,,,1,,,2,,,,,,,6,,,,,,,,,,,3,,,,,,,,,,1,,,,,,,,,,,,,,,,,,,,,,,,,,,,,,1,,,,,,,,,,,,,,1,5,,,,,,,,,,,,,,,,,,,,,,,,,,,,,,,,,,,,,,,,,,,,,,,,,,,,,,,,,,,,,,,,,,,,,,,,,,,,,,,,,,,,,,,,,,,,,,,,,,,,,,,,,,,,,,,,,,,,,,,,,,,,,,,,,,,,,,,,,,,,,,,,,,,,,,,,,,,,,,,,,,,,,,,,,,,,,,,,,,,,,,,,,,,,,,,,,,,,,,,
40,21,3,24,4,13,25,14,8,1,4,4,6,1,34,Oriental Mindoro,01/09/2023,1,34,15,7,9,2,3,2,2,7,8,2,3,2,2,23,2,,,18,,4,3,22,5,7,1,,1,,3,13,,,1,3,,,,,,2,,1,,,,3,,,4,,,,2,6,,,3,1,2,1,,,2,4,2,,2,,5,,,,,,,1,,1,2,,,,,,1,1,,,,,,,,2,,,,,,1,3,1,,,,,,,,,,,,,,,,,,,,,,1,,,,,,,,1,1,,,,,,,,,,,,1,,,,,,,,,,,,,,,,,,,,,,,,,,,,,1,,,,,,,,,,,,,,,,,,,,,,,,,,,,,,,,,,,,,,,1,,,,,,,,,,,,,,,,,,,,,,,,,,,,,,,,,,,,,,,,,,,,,,,,,,,,,,,,,,,,1,,,,,,,,,,,,,,,,,,,,,,,,,,,,,,,,,,,,,,,,,,,,,,,,,,,,,,,,,,,
830,163,176,97,9,44,110,164,49,7,20,28,41,40,243,Pampanga,01/09/2023,65,230,78,58,29,3,13,19,30,17,26,6,52,14,45,36,53,1,22,29,1,11,32,315,10,65,11,,10,11,26,,4,,47,4,7,,5,,9,25,5,1,2,,10,13,,,3,2,10,7,3,10,,,27,6,4,25,1,7,1,2,,1,28,2,4,,,,6,1,5,1,1,10,5,1,1,,,2,26,3,,1,35,,2,,,,,,6,,,4,1,6,,8,,2,,5,1,,,,,2,,4,,1,,4,,,,,1,3,,,,,,2,,2,,1,1,3,,,,,,,,2,,,,4,,1,1,,,,,,,,,1,15,4,1,,,,,,,,,,,,,1,,,,,,,,,,1,,,,,,,,,,,,,,,,,,,,,,,,1,1,,,,,,,,,,,,,,,,,,4,,,,,,,,,,,,,,,,1,,,,,,,,,,,,,,,,,,,,,,,,,,,2,1,1,1,1,1,1,1,1,1,1,1,1,,,,,,,,,,,,,,,,,,,,,,,,,,,,,,,,,,,,,,,,,,,,,,
436,74,155,32,11,50,123,112,28,,8,49,34,45,291,Pangasinan,01/09/2023,27,303,52,42,50,4,14,20,14,26,28,4,50,10,25,129,5,3,23,30,,8,29,371,13,59,1,,11,,41,5,2,,31,6,10,,1,,1,10,,4,,,20,8,1,,,,7,1,1,3,,,9,5,,16,1,9,3,,,,29,,3,,,4,4,,4,1,1,5,6,,,,,2,37,10,,1,3,1,,,,,,1,2,,,,3,19,,3,,3,,,,,,,,,,2,,,,,,,,,,,,,,1,,2,,,,1,,,,,,,,,,1,,,,,,,1,,,,,,,,,,1,1,1,1,,,,,,,,,,,,,,,,,,,,,,,,,,,,,,,,,,,,,,,,,,,,,,,2,,,,,,,,,,,,,,,,,,,,,,,,,,,,,,,,,,,,,,,,,,,,,,,,,,,,,,,,,,,,,,,,,,,,,,,,,,1,1,1,1,,,,,,,,,,,,,,,,,,,,,,,,,,,,,,,,,,,,,,,,,,
239,46,21,49,9,20,67,6,13,3,2,11,8,15,43,Quezon,01/09/2023,7,39,19,12,25,,9,8,5,5,10,2,9,2,12,24,4,,1,35,,4,4,16,8,6,5,,6,3,6,10,,,4,,5,,3,,1,3,1,1,2,,13,4,1,,,,3,,,14,,,4,1,,1,,4,2,1,,,6,,1,,,,,,,,,,,1,,,,5,2,8,,57,,1,,,,,,,2,,,1,2,,,,,,,,,,,,,,,1,,,,,,,,,,,,,,,,1,,,,,,1,,,,,,,,,,,1,,,,,,,,,,,1,,,,1,,,,,,,1,,,,,,,,,,,,,,,,,,,,,,,,,,,,,,,,,,,,,,,,,,,,,,,,,,,,,2,,,,,,,1,,,,,,,,,,,,,,,,,,,,,,,,,,,,,,,,,,,,,,,,,,,,,,,,,,,,,,,,,,,,1,,,,,,,,,,,,,,,,,,,,,,,,,,,,,,,,,,,,,,,,,
70,,1,,,,,1,,,,,,,,Quirino,01/09/2023,,,,,1,,,,,,,,,,,,,,,,,,,1,,,,,,,,,,,,,,,,,,,,,,,,,,,,,,,,,,,,,,,,,,,,,,,,,,,,,,,,,,,,,,,,,,,,,,,,,,,,,,,,,,,,,,,,,,,,,,,,,,,,,,,,,,,,,,,,,,,,,,,,,,,,,,,,,,,,,,,,,,,,,,,,,,,,,,,,,,,,,,,,,,,,,,,,,,,,,,,,,,,,,,,,,,,,,,,,,,,,,,,,,,,,,,,,,,,,,,,,,,,,,,,,,,,,,,,,,,,,,,,,,,,,,,,,,,,,,,,,,,,,,,,,,,,,,,,,,,,,,,,,,,,,,,,,,,,,,,,,,,,,,,,,,,,,,,
603,110,96,137,9,81,132,47,30,3,17,13,15,23,92,Rizal,01/09/2023,26,76,46,21,47,1,16,9,5,6,45,3,32,6,40,150,11,1,10,18,2,1,32,52,26,27,11,,19,5,3,18,,,9,,5,,13,1,2,12,2,2,2,,4,5,,4,,,3,1,6,9,,,10,1,4,33,7,8,15,4,,,14,,10,,,1,3,,,2,,2,3,1,,,,,16,1,,3,2,,,,,1,,2,2,1,,2,5,2,35,1,1,,,,2,,,,,,1,2,,,,,,,1,,1,,,,,1,1,,1,,,1,,,,,,,,2,,1,,,,3,,,,,,,,,,1,,,,1,,,,,,,,,,,1,,,2,,,,,,,,,,,,,,,,,,,,,,,,,,,,,,,,,,,,,,,,,,,,,,,,,,,,,,,,,,,,,,,,,1,,,,,,,2,,,,,,,,,,,,,,,,,1,,,,,,,,,,,,,,,,,,,,,,,,,6,1,1,1,1,1,1,1,1,1,1,1,1,1,1,1,1,1,1,1,1,1,1,,,,,,,,,,,,,,,,,,
20,1,2,7,,2,10,,1,,,1,2,2,10,Romblon,01/09/2023,,12,3,1,3,3,,,,,,,,1,1,4,1,,1,3,,1,1,,2,,1,,,,,,,,2,,,,2,,,,,,,,1,,,,,,,,,,,,,,,3,1,,,,,,1,,,,,,,,,,,,,,,,,,,,,,,,,,,,,,1,,,,,,,,,,,,,,,,,,,,,,,,,,,,,,,,,,,,,,,,,,,,,,,,,,,,,,,,,,,,,,,,,,,,1,,,,,,,,,,,,,,,,,,,,,,,,,,,,,,,,,,,,,,,,,,,,,,,,,,,,,,,,,,,,,,1,,,,,,,,,,,,,,,,,,,,,,,,,,,,,,,,,,,,,,,,,,,,,,,,,,,,,,,,,,,,,,,,,,,,,,,,,,,,,,,,,,,,,,,,,,,,,,,,,,,,,,,,,
50,12,5,35,2,8,44,7,13,1,2,6,10,6,14,Samar,01/09/2023,5,22,12,9,5,4,3,5,4,12,3,3,6,1,10,45,6,,7,4,,,1,2,7,4,,1,3,1,,12,,,,1,,,1,1,1,,,1,,5,7,5,,,,,,,1,1,,,3,,,2,,,3,,,,1,,2,,,,,,,,,,,,,,,,2,,,3,,,,,,1,,,1,,,,,,,,,,1,,1,,,,,,,,,,,,,,,2,,,,,,,,,,,,2,,,,,,,,,,,,,,,,,,,,,,,,,,,,,,,,,,,,,,,,,,,,,,,,,,,,,,,,,,,,,,,,,,,,,,,,,,,,,,,,,,,,,,,,,,,,,,,,,,,,,,,,,,,,,,,,,,,,,,,,,,,,,,,,,,,,,,,,,,,,,,,,,,,,,,,,,,,,,,,,,,,,,,,,,,,,,,,,,,,1,,,,,,,,,,,,,,,,,
13,2,1,1,,,2,,,,,,1,3,2,Sarangani,01/09/2023,,3,,,2,,,,,,,,1,,,,,,,1,,,,,,,,,,,,,,,,,,,,,,,,,,,,,,,,,,,,,,,,,,,,,,,,,1,,,,,,,,,,,,,,,,,,,,,,,,,,,,,,,,,,,,,,,,,,,,,,,,,,,,,,,,,,,,,,,,,,,,,,,,,,,,,,,,,,,,,,,,,,,,,,,,,,,,,,,,,,,,,,,,,,,,,,,,,,,,,,,,,,,,,,,,,,,,,,,,,,,,,,,,,,,,,,,,,,,,,,,,,,,,,,,,,,,,,,,,,,,,,,,,,,,,,,,,,,,,,,,,,,,,,,,,,,,,,,,,,,,,,,,,,,,,,,,,,,,,,,,,,1,,,,,,,,,,,,,,,,
15,4,,,,4,18,,3,,,3,3,,10,Siquijor,01/09/2023,,8,3,3,1,15,,,1,1,,,1,2,2,1,2,,,12,,,,1,,1,1,,1,,,1,,,,,4,,1,,3,1,,,,,,1,,,,,,,1,,,,,,,,,,,1,,,,,,,,,,,,,,,,,,,,,,4,,,,,,,,,,,,,,,1,,,,,,,,,,,,,,,,,,,,,,,,,,,,,,,,,,,,,,,,,,,,,,,,,,,,,,,,,,,,,,,,,,,,,,,,,,,,,,,,,,1,,,,,,,,,,,,,,,,,,,,,,,,,,,,,,,,,,,,,,,,,,,,,,,,,,,,,,,,,,,,,,,,,,,,,,,1,,,,,,,,,,,,,,,,,,,,,,,,,,,,,,,,,,,,,,,,,,,,,,,,,,,,,,,,,,,,,,,,,,,,,,,,,,,,,,
6,8,7,6,1,1,8,,1,,,7,1,1,5,Sorsogon,01/09/2023,1,8,5,,2,,1,,2,3,2,,,4,1,2,,,,5,,,,1,2,1,,,,,,2,,,,,1,,2,,,,,,,,1,,,,,,,,,1,1,,1,,,1,,,,,,,,,,,,,1,,,,,,,,,,,,2,1,,,,,,,,,,,,,,,,,1,,,,,,,,,,,,,,,,,1,,,,,,,,,,,,,,,,,,,,,,,,,,1,,,,,,,,,,,,,,,,,,,,,,,,,,,,,,,,,,,,,,,,,,,,,,,,,,,,,,,,,,,,,,,,,,,,,,,,,,,,,,,,,,,,,,,,,,,,,,,,,,,,,,,,,,,,,,,,,,,,,,,,,,,,,,,,,,,,,,,,,,,,,,,,,,,,,,,,,,,,,,,,,,,,,,,,,,,,,,,,,,,,,,,,,,
312,32,14,39,5,4,16,11,4,,1,2,4,14,44,South Cotabato,01/09/2023,12,22,6,2,7,1,3,1,7,,13,,5,,5,15,3,,,5,2,4,10,4,2,4,1,,48,,3,3,,,,,4,,,,5,5,,,,,2,,,,,,,,,,,,13,4,,1,2,,,1,,,1,,2,,,,,,,,,,,,,,,,,2,,,,,2,,,,,1,2,,,,,,3,,,,,,1,,,,,,,,,,,,,,,,1,,,,,,,,,,,,,,,,,,,,,,,,,,,,,,,,,,,,,,,,,,,,,,,,,,1,1,,,,,,,,,,,,,,,,,,,,,,,,,,,,,,,,,,,,,1,,,,,,,,,,,,,,,,,,,,,,,,,,,,,,,,,,,,1,,,,,,,,,,,,,,,,,,,,,,,,,,,,,,,,,,,,,,,,,,,,,,,,,,,,,,,,,,,,,,,,,,,,1,1,1,1,,,,,,,,,,,,
57,14,8,26,6,5,57,1,5,,3,4,4,5,27,Southern Leyte,01/09/2023,2,27,10,12,6,5,,1,5,5,8,,7,1,1,5,7,,,10,,1,6,,2,6,,,,,4,4,,1,,,1,,3,,,1,,,,,6,2,1,,,,,,4,1,,,1,3,,4,,,3,3,,2,2,,11,,,,,,,,,,,,,,,,1,1,,3,,,,,,,,1,,1,,2,1,1,,,1,,,,,,,,,,,,,,,,,,,,,,,,,,,,,,,,,,,,,,,,,,,,,1,,,,,,,,,,,,,,,,,,,,,,,,,,,,,,,,,,,,,,,,,,,,,,,,,,,,,,,,,,,,,,,,,,,,,,,,,,,,,,,,,,,,,,,,,,,,,,,,,,,,,,,,,,,,,,,,,,,,,,,,,,,,,,,,,,,,,,,,,,,,,,,,,,,,,,,,,,,,,,,,,,,,1,,,,,,,1,1,,,,,,,,,,
11,3,5,26,1,2,12,6,,,,8,1,2,12,Sultan Kudarat,01/09/2023,,5,3,,3,,,,1,,5,,1,1,1,,,,,,,,,,,1,,,,1,,,,,,,,,,,,1,,,,,,1,,,,,1,,,1,,,,,,,,,,1,,,,,,,,,,,,,,,,,,,,,,,,,,,,,,,,,,,,,,,,,,,,,,,,,,,,,,,,,,,,,,,,,,,,,,,,,,,,,,,,,,,,,,1,,,,,,,,,,,,,,,,,,,,,,,,,,,,,,,,,,,,,,,,,,,,,,,,,,,,,,,,,,,,,,,,,,,,,,,,,,,,,,,,,,,,,,,,,,,,,,,,,,,,,,,,,,,,,,,,,,,,,,,,,,,,,,,,,,,,,,,,,,,,,,,,,,,,,,,,,,,,,,,,,,,,,,,,,,,,,,,,,,,,,,
,,,1,,,,,,,1,,,,,Sulu,01/09/2023,,,,,,,,,,,,,,,,,,,,,,,,,,,,,,,,,,,,,,,,,,,,,,,,,,,,,,,,,,,,,,,,,,,,,,,,,,,,,,,,,,,,,,,,,,,,,,,,,,,,,,,,,,,,,,,,,,,,,,,,,,,,,,,,,,,,,,,,,,,,,,,,,,,,,,,,,,,,,,,,,,,,,,,,,,,,,,,,,,,,,,,,,,,,,,,,,,,,,,,,,,,,,,,,,,,,,,,,,,,,,,,,,,,,,,,,,,,,,,,,,,,,,,,,,,,,,,,,,,,,,,,,,,,,,,,,,,,,,,,,,,,,,,,,,,,,,,,,,,,,,,,,,,,,,,,,,,,,,,,,,,,,,,,,,,,,,,
22,11,4,10,,9,29,2,5,1,3,6,8,1,9,Surigao del Norte,01/09/2023,3,13,12,6,5,6,,2,,7,2,3,1,5,7,10,3,,3,1,,3,,1,4,,2,,,,4,9,,,1,2,5,,2,,,2,3,1,,1,6,2,,,,,,,,1,,8,1,,1,1,,3,1,,,,3,,7,,,,,,,,,,,,,,,,2,6,,2,2,,,,,,,,,,,4,,1,,,,1,,,,,,,,,,,,,,,,,,,3,,,,,,,1,,,,,,,,,,,,5,,,,,,,,2,,,,,,,,,,,,,,,,,,,,,,1,,,,,,,,,,,,,,1,,,,,,,,,,,,,,,,,,,,,,,,,,,,,,,,,,,,,,,,,,,,,,,,,,,,,,,,,,,,,,,,,,,,,,,,,,,,,,,,,,,,,,,,,,,,,,,,,,,,,,,,,,,,,,,,,,,,,,,,,,,,,,,,,,,,,,,2,,,,,,,,,
117,9,1,8,1,3,24,2,2,1,2,2,8,2,13,Surigao del Sur,01/09/2023,2,11,5,4,8,2,,1,1,2,2,1,1,1,2,2,2,,1,1,,2,3,2,1,,2,,3,,,,,,1,,1,,1,,,1,,,,,4,2,,,,,,,,,,,2,2,,1,1,1,4,2,,,1,,2,,,,,,,,,,,,,,,,1,,,,,,,,,,,,,,,2,,,1,,,,,,2,,,,,,,,,,,,,,,,,1,,,,,,,1,,,,,,,,,,,,,,,,,,,,,,,,,,,,,,,,,,,,,,,,,,,,,,,,,,,,,,,,,,,,,,,,,,,,,,,,,,,,,,,,,,,,,,,,,,,,,,,,,,,,,,,,,,,,,,,,,,,,,,,,,,,,,,,,,,,,,,,,,,,,,,,,,,,,,,,,,,,,,,,,,,,,,,,,,,,,,,,,,,,,,,,,,,,,,,,,,,,,,,,
566,63,53,65,14,48,128,40,13,,10,17,45,29,163,Tarlac,01/09/2023,18,119,45,8,38,,6,21,10,29,16,2,32,1,10,45,11,,12,16,,13,19,182,14,21,2,,3,,25,27,,,15,1,12,,6,,,11,2,11,,,16,10,,,3,2,17,1,2,6,,,10,1,1,9,4,7,9,5,,,24,3,18,,,,6,,1,4,,1,2,,,,,2,18,22,,,6,,,,,,,,,,,,4,3,,3,,,,5,1,,,,,,,1,,,,,,,,,,,,,2,,,2,,,,,,1,,,,,,1,,1,,,,1,1,,,,,,,,,1,,,3,1,,,,,,,,,1,,,,,,,,,,,,,,,,,,,,,,,,,,3,,,2,,,,,,,,,,,1,,,,,,,,,,,,,,,,,,1,,,,,,,,,,,,,,,,,,,,,,,,,,,,,,,,,1,,,,,,,,,,,,,,,,,,,,,,,,,,,,,,,,,,,,,,,,,,,,,,,,,,,,,,,,,,,,3,2,2,1,1,1,1,,
1,1,,,,1,1,,,,,,1,,,Tawi-Tawi,01/09/2023,,1,3,,,,,,,,,,,,,,,,,,,,,,,,,,,,,4,,,,,,,,,,,,,,,,,,,,,,,,,,,,1,,,,,,,,,,,,,,,,,,,,,,,,,,,,,,,,,,,,,,,,,,,,,,,,,,,,,,,,,,,,1,,,,,,,,,,,,,,,,,,,,,,,,,,,,,,,,,,,,,,,,,,,,,,,,,,,,,,,,,,,,,,,,,,,,,,,,,,,,,,,,,,,,,,,,,,,,,,,,,,,,,,,,,,,,,,,,,,,,,,,,,,,,,,,,,,,,,,,,,,,,,,,,,,,,,,,,,,,,,,,,,,,,,,,,,,,,,,,,,,,,,,,,,,,,,,,,,,,,,,,,,,,,,,,,,,,,,,
308,31,34,35,8,20,56,12,3,,,9,19,3,11,Zambales,01/09/2023,8,29,6,12,32,1,2,2,3,,11,,5,2,11,333,13,,2,3,,1,3,3,1,6,3,,,,1,36,1,,4,1,1,,3,,,4,,,,,1,,1,,,,1,,,1,,,3,4,1,2,1,,4,,,,1,,2,,,,1,1,,1,,,,,,,,,3,1,,,,,,,,,,,,,,3,1,,,,,,,,,,,,,,,,,,,,,,,,,1,,,,,,,,,,,,,,,,,,,,1,,,,,,1,,,,,,,,,,,1,,1,,,,,,,,,,,,,,,,,,,,,,,,,,,,,,,,,,,,,,,,,,,,,,,1,,,,,,,,,,,,,,,,,,,,,,,,,,,,,,,,,,,,,,,,,,,,,,,,,,,,,,,,,,,,,,,,,,,,,,,,,,,,,,,,,,,,,,,,,,,,,,,,,,,,,,,,,,,,,,,,,,,,,,,,
15,8,3,8,1,2,7,,,,,6,1,4,10,Zamboanga del Norte,01/09/2023,9,6,4,1,1,1,,,2,,1,,1,,,1,1,,,,,1,1,1,,1,,,1,,,,,,1,,2,,,,,,,,,,1,,,,,,,,,1,,,1,2,,1,,,1,,,,,,,,,,,,,,,,,1,,,,2,,1,,,,,,,,,,,,,,,,,1,,,,,,,,,,,,,,,,,,,,,,,,,,,,,,,,,,,,,,,,,,,,,,,,,,,,,,,,,,,,,,,,,,,,,,,,,,,,,,,,,,,,,,,,,,,,,,,,,,,,,,,,,,,,,,,,,,,,,,,,,,,,,,,,,,,,,,,,,,,,,,,,,,,,,,,,,,,,,,,,,,,,,,,,,,,,,,,,,,,,,,,,,,,,,,,,,,,,,,,,,,,,,,,,,,,,,,,,,,,,,,,,,,,,,
36,20,9,31,2,1,37,8,4,,4,24,5,6,12,Zamboanga del Sur,01/09/2023,14,19,12,15,5,,2,1,3,7,11,,7,10,1,1,2,,,8,,1,,,2,3,1,,3,1,9,11,,,,,4,,1,,13,5,3,,,,10,1,1,,,,,,2,1,,,1,1,,1,,2,4,3,,,2,,,,,,,,1,,,1,,,,,,,,1,,,,,,,,,,1,,,,,,1,,,,,1,,,,,,,,,,,,,,,,,,,,,,,,,,,,,,,,,,,,,,,1,,,,,,,,,,,,,,,,,,,,,,,,,,,,,,,,,,,,,,,,,,,,,,,,,,,,,,,,,,,,,,,,,,,,,,,,,,,,,,,,,,,,,,,,,,,,,,,,,,,,,,,,,,,,,,,,,,,,,,,,1,,,,,,,,,,,,,,,,,,,,,,,,,,,,,,,,,,,,,,,,,,,,,,,,,,,,,,,,,,,,,,,,,1,1
5,1,2,1,1,1,2,,,,,,,,,Zamboanga Sibugay,01/09/2023,,1,,1,,,,,,1,,,,,,,,,,,,,,,,,,,,,,1,,,,,,,,,,,,,,,1,,,,,,,,,,,,,,,,,,,,,,,,,,,,,,,,,,,,,,,,,,,,,,,,,,,,,,,,,,,,,,,,,,,,,,,,,,,,,,,,,,,,,,,,,,,,,,,,,,,,,,,,,,,,,,,,,,,,,,,,,,,,,,,,,,,,,,,,,,,,,,,,,,,,,,,,,,,,,,,,,,,,,,,,,,,,,,,,,,,,,,,,,,,,,,,,,,,,,,,,,,,,,,,,,,,,,,,,,,,,,,,,,,,,,,,,,,,,,,,,,,,,,,,,,,,,,,,,,,,,,,,,,,,,,,,,,,,,,,,,,,,,,,,
2597,709,637,563,84,476,891,568,228,23,54,183,293,92,475,Metro Manila,01/09/2023,329,834,330,317,197,44,132,95,104,94,243,22,361,121,435,149,116,10,122,93,6,50,112,393,117,125,76,3,55,19,61,111,12,2,72,19,47,,53,,132,111,39,40,2,5,18,52,7,2,7,3,43,14,12,31,2,,60,26,13,124,58,26,51,59,6,11,120,3,28,,,4,27,,6,6,,88,11,5,9,,,32,47,6,,40,11,84,11,,,,,24,29,11,,22,19,90,7,25,2,14,,3,20,2,,,,3,2,10,,16,,15,,,1,1,3,6,,,8,1,2,6,17,,,4,1,1,5,,,,5,,3,19,,,1,2,,7,1,,,1,,,,4,,0,19,23,7,1,,,,,1,,,,,1,,8,,1,,,6,,,,,1,,1,,,5,,1,,,,,,,,,,,,,,,,1,4,10,,1,,,,,,,4,,0,,0,0,,,,,1,,,,,,,,,,,1,,,,,,,,,,,,,,,2,,,,,,,,,,,,,329,,,,2,,,,,,,,2,,,1,,,1,1,,,,,1,,1,,,,,,,1,,,1,,,,,,,,,,,,,,,,0,,,,,,1,,,
365,25,20,30,1,12,24,3,6,2,6,4,6,4,32,Palawan,01/09/2023,8,21,14,7,21,29,1,6,1,9,7,12,5,59,10,15,6,0,3,11,0,1,1,5,4,7,4,0,1,1,2,6,0,1,0,0,23,,0,,5,11,1,0,1,0,9,2,0,0,0,0,1,0,1,4,0,,15,5,2,1,0,0,1,2,9,0,0,0,4,,,0,1,,0,0,,0,0,0,1,,,0,1,0,,3,0,0,0,,,,,5,0,0,,0,3,0,0,0,0,0,,0,1,0,,,,0,0,2,,0,,0,,,0,1,0,0,,,0,0,0,0,0,,,0,0,0,0,,,,0,,0,0,,,0,0,,0,0,,,0,,,,0,,2,0,0,1,0,,,,,0,,,,,1,,0,,0,,,0,,,,,0,,0,,,0,,0,,,,,,,,,,,,,,,,0,0,0,,0,,,,,,,0,,3,,1,2,,,,,0,,,,,,,,,,,0,,,,,,,,,,,,,,,1,,,,,,,,,,,,,8,,,,0,,,,,,,,0,,,0,,,0,0,,,,,0,,0,,,,,,,0,,,0,,,,,,,,,,,,,,,,1,,,,,,0,,,
